{"score": 5, "title": "Better than ever!", "body": "We just did a kitchen remodel and I replaced our old GE microwave with the same model, only in a different (matching the other appliances) finish. I love this one and didn't need to relearn how to use it. Its features are great, I especially like the \"Express Cook\" feature.", "review_link": "https://www.homedepot.com/p/reviews/GE-1-6-cu-ft-Over-the-Range-Microwave-in-Stainless-Steel-JVM3160RFSS/204394354/", "product_link": "https://www.homedepot.com/p/GE-1-6-cu-ft-Over-the-Range-Microwave-in-Stainless-Steel-JVM3160RFSS/204394354", "average_rating": "4.4", "product_number": "204394354"}