{"score": 3, "title": "It\u2019s just a microwave", "body": "Had to replace with same one cause of size. When you have the only game in town I\u2019m stuck.", "review_link": "https://www.homedepot.com/p/reviews/GE-Profile-1-1-cu-ft-Countertop-Microwave-in-Stainless-Steel-with-Sensor-Cooking-PEM31SFSS/204633793/", "product_link": "https://www.homedepot.com/p/GE-Profile-1-1-cu-ft-Countertop-Microwave-in-Stainless-Steel-with-Sensor-Cooking-PEM31SFSS/204633793", "average_rating": "4.1", "product_number": "204633793"}