{"score": 5, "title": "Works great", "body": "We live on our boat and this space saver fits perfectly with a little modification to our cabinets. Works and looks great.", "review_link": "https://www.homedepot.com/p/reviews/GE-Profile-1-1-cu-ft-Countertop-Microwave-in-Stainless-Steel-with-Sensor-Cooking-PEM31SFSS/204633793/", "product_link": "https://www.homedepot.com/p/GE-Profile-1-1-cu-ft-Countertop-Microwave-in-Stainless-Steel-with-Sensor-Cooking-PEM31SFSS/204633793", "average_rating": "4.1", "product_number": "204633793"}