{"score": 5, "title": "Great refrigerator", "body": "We have had this refrigerator for 5 years. It has worked flawlessly as expected. Only thing I will do differently next time is get a refrigerator with the water distribution", "review_link": "https://www.homedepot.com/p/reviews/Whirlpool-22-cu-ft-Bottom-Freezer-Refrigerator-in-Stainless-Steel-with-Spill-Guard-Glass-Shelves-WRB322DMBM/205065350/", "product_link": "https://www.homedepot.com/p/Whirlpool-22-cu-ft-Bottom-Freezer-Refrigerator-in-Stainless-Steel-with-Spill-Guard-Glass-Shelves-WRB322DMBM/205065350", "average_rating": "4.5", "product_number": "205065350"}