{"score": 5, "title": "Great look and functionality", "body": "We purchased this model recently to replace one that had french doors in the top. This single top door is much better, as it creates a nice seal when closed. We are very happy with our purchase.", "review_link": "https://www.homedepot.com/p/reviews/Whirlpool-22-cu-ft-Bottom-Freezer-Refrigerator-in-Stainless-Steel-with-Spill-Guard-Glass-Shelves-WRB322DMBM/205065350/", "product_link": "https://www.homedepot.com/p/Whirlpool-22-cu-ft-Bottom-Freezer-Refrigerator-in-Stainless-Steel-with-Spill-Guard-Glass-Shelves-WRB322DMBM/205065350", "average_rating": "4.5", "product_number": "205065350"}