{"score": 5, "title": "Great Features", "body": "I bought this refrigerator 3 months ago and I'm glad I did", "review_link": "https://www.homedepot.com/p/reviews/Whirlpool-22-cu-ft-Bottom-Freezer-Refrigerator-in-Stainless-Steel-with-Spill-Guard-Glass-Shelves-WRB322DMBM/205065350/", "product_link": "https://www.homedepot.com/p/Whirlpool-22-cu-ft-Bottom-Freezer-Refrigerator-in-Stainless-Steel-with-Spill-Guard-Glass-Shelves-WRB322DMBM/205065350", "average_rating": "4.5", "product_number": "205065350"}