{"score": 4, "title": "Control Display", "body": "Control panel is very hard to read with low contrast.", "review_link": "https://www.homedepot.com/p/reviews/LG-Electronics-1-8-cu-ft-Over-the-Range-Microwave-with-Sensor-Cook-and-EasyClean-in-Stainless-Steel-LMV1831ST/205181577/", "product_link": "https://www.homedepot.com/p/LG-Electronics-1-8-cu-ft-Over-the-Range-Microwave-with-Sensor-Cook-and-EasyClean-in-Stainless-Steel-LMV1831ST/205181577", "average_rating": "4.2", "product_number": "205181577"}