{"score": 5, "title": "Easy to operate", "body": "Unit is 2months old last couple week it has been very loud had service guy at house twice he put in for new unit still havent", "review_link": "https://www.homedepot.com/p/reviews/LG-Electronics-1-8-cu-ft-Over-the-Range-Microwave-with-Sensor-Cook-and-EasyClean-in-Stainless-Steel-LMV1831ST/205181577/", "product_link": "https://www.homedepot.com/p/LG-Electronics-1-8-cu-ft-Over-the-Range-Microwave-with-Sensor-Cook-and-EasyClean-in-Stainless-Steel-LMV1831ST/205181577", "average_rating": "4.2", "product_number": "205181577"}