{"score": 4, "title": "Great Features except for hard to read user panel.", "body": "I bought in December 2021 and we are satisfied except for the hard to read user panel in low light conditions in the room. Panel section should be background lit or the letters and numbers using brighter color.", "review_link": "https://www.homedepot.com/p/reviews/LG-Electronics-1-8-cu-ft-Over-the-Range-Microwave-with-Sensor-Cook-and-EasyClean-in-Stainless-Steel-LMV1831ST/205181577/", "product_link": "https://www.homedepot.com/p/LG-Electronics-1-8-cu-ft-Over-the-Range-Microwave-with-Sensor-Cook-and-EasyClean-in-Stainless-Steel-LMV1831ST/205181577", "average_rating": "4.2", "product_number": "205181577"}