{"score": 5, "title": "Easy to use, looks great, good price!", "body": "We had bought a different brand microwave and it didn't even last a year. Bought this LG microwave last month because our LG dishwasher from 2 years is awesome. Very happy with this purchase.", "review_link": "https://www.homedepot.com/p/reviews/LG-Electronics-1-8-cu-ft-Over-the-Range-Microwave-with-Sensor-Cook-and-EasyClean-in-Stainless-Steel-LMV1831ST/205181577/", "product_link": "https://www.homedepot.com/p/LG-Electronics-1-8-cu-ft-Over-the-Range-Microwave-with-Sensor-Cook-and-EasyClean-in-Stainless-Steel-LMV1831ST/205181577", "average_rating": "4.2", "product_number": "205181577"}