{"score": 4, "title": "Love the sensors", "body": "This microwave offered so many more auto features than most out there. Definitely wanted sensor cooking. Glad I found it.", "review_link": "https://www.homedepot.com/p/reviews/LG-Electronics-1-8-cu-ft-Over-the-Range-Microwave-with-Sensor-Cook-and-EasyClean-in-Stainless-Steel-LMV1831ST/205181577/", "product_link": "https://www.homedepot.com/p/LG-Electronics-1-8-cu-ft-Over-the-Range-Microwave-with-Sensor-Cook-and-EasyClean-in-Stainless-Steel-LMV1831ST/205181577", "average_rating": "4.2", "product_number": "205181577"}