{"score": 4, "title": "Cooks evenly", "body": "Large space inside both ovens, cooks evenly. Looks good. Do not like both ovens using the same screen to set temp and time. Have to toggle through screens, would prefer the numbers displayed as individual buttons. Microwave door swings down, which makes it harder to reach to the back of the inside for cleaning. Door swing to side would have been better.", "review_link": "https://www.homedepot.com/p/reviews/GE-27-in-Double-Electric-Wall-Oven-with-Built-In-Microwave-in-Stainless-Steel-JK3800SHSS/205373430/", "product_link": "https://www.homedepot.com/p/GE-27-in-Double-Electric-Wall-Oven-with-Built-In-Microwave-in-Stainless-Steel-JK3800SHSS/205373430", "average_rating": "4.4", "product_number": "205373430"}