{"score": 4, "title": "Microwave glass door cloudy/ sound awful!!!", "body": "The microwave glass door is cloudy after cooking anything over 3 min. It takes over 45 min to resolve. It looks awful!!! When the microwave ends the beep is so low you can't hear it. The timer for the oven is the same!! It needs to be louder!! Very disappointed!!!", "review_link": "https://www.homedepot.com/p/reviews/GE-27-in-Double-Electric-Wall-Oven-with-Built-In-Microwave-in-Stainless-Steel-JK3800SHSS/205373430/", "product_link": "https://www.homedepot.com/p/GE-27-in-Double-Electric-Wall-Oven-with-Built-In-Microwave-in-Stainless-Steel-JK3800SHSS/205373430", "average_rating": "4.4", "product_number": "205373430"}