{"score": 5, "title": "Excellent product", "body": "Replacing our 15 yr. old wall oven with the new wall oven we found great improvements including digital controls, quieter cooling fan, greater lower and upper oven space, and modern design.", "review_link": "https://www.homedepot.com/p/reviews/GE-27-in-Double-Electric-Wall-Oven-with-Built-In-Microwave-in-Stainless-Steel-JK3800SHSS/205373430/", "product_link": "https://www.homedepot.com/p/GE-27-in-Double-Electric-Wall-Oven-with-Built-In-Microwave-in-Stainless-Steel-JK3800SHSS/205373430", "average_rating": "4.4", "product_number": "205373430"}