{"score": 3, "title": "Performance less than expected", "body": "Controls require a lot of \u2018steps\u2019, but getting used to them. Incremental adjustment for seconds is too large. Long preheat time for oven is aggravating, need to allow 12-15 minutes! Disappointed that microwave oven wattage is only 1000 watts given its large capacity- much slower than my prior micro. These shortfalls prevent a high overall rating (details make a big difference in satisfaction).", "review_link": "https://www.homedepot.com/p/reviews/GE-27-in-Double-Electric-Wall-Oven-with-Built-In-Microwave-in-Stainless-Steel-JK3800SHSS/205373430/", "product_link": "https://www.homedepot.com/p/GE-27-in-Double-Electric-Wall-Oven-with-Built-In-Microwave-in-Stainless-Steel-JK3800SHSS/205373430", "average_rating": "4.4", "product_number": "205373430"}