{"score": 5, "title": "Beautiful and Functional!", "body": "I have a small kitchen so I removed my double ovens and microwave with this. It looks great and works even better!", "review_link": "https://www.homedepot.com/p/reviews/GE-27-in-Double-Electric-Wall-Oven-with-Built-In-Microwave-in-Stainless-Steel-JK3800SHSS/205373430/", "product_link": "https://www.homedepot.com/p/GE-27-in-Double-Electric-Wall-Oven-with-Built-In-Microwave-in-Stainless-Steel-JK3800SHSS/205373430", "average_rating": "4.4", "product_number": "205373430"}