{"score": 5, "title": "Our new house had an above range microwave which was...", "body": "Our new house had an above range microwave which was noisy and too high for my wife to reach let alone see inside. The new Sharp Microwave was the perfect solution. It's quiet, powerful and seems to heat up foods just the way you want. The one feature that sets this model apart is the flip out controls which allows anybody, short or tall, to see and use the controls easily. Other drawer microwaves require you to bend down to get a proper view.", "review_link": "https://www.homedepot.com/p/reviews/Sharp-1-2-cu-ft-24-in-Microwave-Drawer-with-Concealed-Controls-Built-In-Stainless-Steel-with-Sensor-Cooking-SMD2470ASY/205591630/", "product_link": "https://www.homedepot.com/p/Sharp-1-2-cu-ft-24-in-Microwave-Drawer-with-Concealed-Controls-Built-In-Stainless-Steel-with-Sensor-Cooking-SMD2470ASY/205591630", "average_rating": "4.4", "product_number": "205591630"}