{"score": 4, "title": "looks and works great....", "body": "looks and works great.", "review_link": "https://www.homedepot.com/p/reviews/Sharp-1-2-cu-ft-24-in-Microwave-Drawer-with-Concealed-Controls-Built-In-Stainless-Steel-with-Sensor-Cooking-SMD2470ASY/205591630/", "product_link": "https://www.homedepot.com/p/Sharp-1-2-cu-ft-24-in-Microwave-Drawer-with-Concealed-Controls-Built-In-Stainless-Steel-with-Sensor-Cooking-SMD2470ASY/205591630", "average_rating": "4.4", "product_number": "205591630"}