{"score": 1, "title": "Wish it worked as well as it looks. Lemon?", "body": "Manufactured in July 2021, I bought it in September 2021, I installed in October 2021 and it doesnt work. Never worked. Door is fully functional, lights and controls work; it turns on but it doesn\u2019t heat at all. Working with Sharp customer service who is sending someone to take a look at it. Not sure what responsibilty The Home Depot has beside manufacturer but we shall see.", "review_link": "https://www.homedepot.com/p/reviews/Sharp-1-2-cu-ft-24-in-Microwave-Drawer-with-Concealed-Controls-Built-In-Stainless-Steel-with-Sensor-Cooking-SMD2470ASY/205591630/", "product_link": "https://www.homedepot.com/p/Sharp-1-2-cu-ft-24-in-Microwave-Drawer-with-Concealed-Controls-Built-In-Stainless-Steel-with-Sensor-Cooking-SMD2470ASY/205591630", "average_rating": "4.4", "product_number": "205591630"}