{"score": 5, "title": "Fun cooking", "body": "We moved into our new home 2 week ago and have entertained already was so nice having good appliances to cook with. Big success everyone enjoyed them self.", "review_link": "https://www.homedepot.com/p/reviews/KitchenAid-30-in-Electric-Even-Heat-True-Convection-Wall-Oven-with-Built-In-Microwave-in-Stainless-Steel-KOCE500ESS/205893839/", "product_link": "https://www.homedepot.com/p/KitchenAid-30-in-Electric-Even-Heat-True-Convection-Wall-Oven-with-Built-In-Microwave-in-Stainless-Steel-KOCE500ESS/205893839", "average_rating": "4.6", "product_number": "205893839"}