{"score": 5, "title": "Amazing oven!!!", "body": "I love all the features of this oven and it looks so beautiful in my kitchen.", "review_link": "https://www.homedepot.com/p/reviews/KitchenAid-30-in-Electric-Even-Heat-True-Convection-Wall-Oven-with-Built-In-Microwave-in-Stainless-Steel-KOCE500ESS/205893839/", "product_link": "https://www.homedepot.com/p/KitchenAid-30-in-Electric-Even-Heat-True-Convection-Wall-Oven-with-Built-In-Microwave-in-Stainless-Steel-KOCE500ESS/205893839", "average_rating": "4.6", "product_number": "205893839"}