{"score": 5, "title": "Love the wall ovens", "body": "(This review was collected as part of a promotion.) We like this unit so much it is the second time we purchased it. First time was 11 years ago. Never a problem", "review_link": "https://www.homedepot.com/p/reviews/KitchenAid-30-in-Electric-Even-Heat-True-Convection-Wall-Oven-with-Built-In-Microwave-in-Stainless-Steel-KOCE500ESS/205893839/", "product_link": "https://www.homedepot.com/p/KitchenAid-30-in-Electric-Even-Heat-True-Convection-Wall-Oven-with-Built-In-Microwave-in-Stainless-Steel-KOCE500ESS/205893839", "average_rating": "4.6", "product_number": "205893839"}