{"score": 5, "title": "Love It!", "body": "We bought this to replace a Frigidaire Microwave that broke. The door closes very smoothly with a very solid feel which is so much better than our Frigidaire model. We love the convection cooking feature and use it instead of our full size oven. I just wish we could figure out how to stop the turntable during convection cooking. There is a button to turn it off but it only seems to work during microwave cooking. It also is more quiet than our Frigidaire. I wish KitchenAid offered a demo video for beginners on how to use all the features of this microwave.", "review_link": "https://www.homedepot.com/p/reviews/KitchenAid-1-9-cu-ft-Over-the-Range-Convection-Microwave-in-Stainless-Steel-with-Sensor-Cooking-Technology-KMHC319ESS/205896511/", "product_link": "https://www.homedepot.com/p/KitchenAid-1-9-cu-ft-Over-the-Range-Convection-Microwave-in-Stainless-Steel-with-Sensor-Cooking-Technology-KMHC319ESS/205896511", "average_rating": "4.7", "product_number": "205896511"}