{"score": 5, "title": "Beautiful, quiet, efficient", "body": "We chose all Kitchen Aid appliances for our new home. We previously had Kitchen Aid appliances in our home 0f 30 years. The appliances are very reliable.", "review_link": "https://www.homedepot.com/p/reviews/KitchenAid-30-in-Electric-Even-Heat-True-Convection-Wall-Oven-with-Built-In-Microwave-in-Stainless-Steel-KOCE500ESS/205893839/", "product_link": "https://www.homedepot.com/p/KitchenAid-30-in-Electric-Even-Heat-True-Convection-Wall-Oven-with-Built-In-Microwave-in-Stainless-Steel-KOCE500ESS/205893839", "average_rating": "4.6", "product_number": "205893839"}