{"score": 5, "title": "Great features", "body": "This is so much more than a microwave. Learning new ways to use everyday. Very nice quality.", "review_link": "https://www.homedepot.com/p/reviews/KitchenAid-1-9-cu-ft-Over-the-Range-Convection-Microwave-in-Stainless-Steel-with-Sensor-Cooking-Technology-KMHC319ESS/205896511/", "product_link": "https://www.homedepot.com/p/KitchenAid-1-9-cu-ft-Over-the-Range-Convection-Microwave-in-Stainless-Steel-with-Sensor-Cooking-Technology-KMHC319ESS/205896511", "average_rating": "4.7", "product_number": "205896511"}