{"score": 2, "title": "Less than expected", "body": "Paying top dollar for beautiful KitchenAid products is not a problem for me, unless their design flaws and malfunctions cloud my expectations. I am really too short for this, very difficult to reach to the back and clean with the front door pulling forward instead of to the side. Also from day one the microwave makes growling sounds and you cannot see inside the light is to dim. I put five pieces of bacon on a paper plate with paper towels, and you can see where it\u2019s raw on the tips and burned in the center. Very disappointing for the money. They\u2019ve been building microwaves for a long time I can\u2019t believe they can\u2019t get this right. It gets two stars only because it looks pretty.", "review_link": "https://www.homedepot.com/p/reviews/KitchenAid-1-4-cu-ft-Built-In-Microwave-in-Stainless-Steel-KMBS104ESS/205993724/", "product_link": "https://www.homedepot.com/p/KitchenAid-1-4-cu-ft-Built-In-Microwave-in-Stainless-Steel-KMBS104ESS/205993724", "average_rating": "4.3", "product_number": "205993724"}