{"score": 5, "title": "Looks great and works great. Only been installed for two...", "body": "Looks great and works great. Only been installed for two months so haven\u2019t used very much.", "review_link": "https://www.homedepot.com/p/reviews/KitchenAid-30-in-Single-Electric-Wall-Oven-Self-Cleaning-with-Convection-in-Stainless-Steel-KOSE500ESS/205904303/", "product_link": "https://www.homedepot.com/p/KitchenAid-30-in-Single-Electric-Wall-Oven-Self-Cleaning-with-Convection-in-Stainless-Steel-KOSE500ESS/205904303", "average_rating": "4.7", "product_number": "205904303"}