{"score": 5, "title": "great design in and out", "body": "We love the fold down door. Swing away doors always seemed chintzy. This fold down door has the weight and feel of high quality and design. The overall look of the unit says functionality and durability when viewed from any angle.", "review_link": "https://www.homedepot.com/p/reviews/KitchenAid-1-4-cu-ft-Built-In-Microwave-in-Stainless-Steel-KMBS104ESS/205993724/", "product_link": "https://www.homedepot.com/p/KitchenAid-1-4-cu-ft-Built-In-Microwave-in-Stainless-Steel-KMBS104ESS/205993724", "average_rating": "4.3", "product_number": "205993724"}