{"score": 5, "title": "I'm very please with this oven. It looks great...", "body": "I'm very please with this oven. It looks great and performs great. Home Depot delivered this on time with no issues.", "review_link": "https://www.homedepot.com/p/reviews/KitchenAid-30-in-Single-Electric-Wall-Oven-Self-Cleaning-with-Convection-in-Stainless-Steel-KOSE500ESS/205904303/", "product_link": "https://www.homedepot.com/p/KitchenAid-30-in-Single-Electric-Wall-Oven-Self-Cleaning-with-Convection-in-Stainless-Steel-KOSE500ESS/205904303", "average_rating": "4.7", "product_number": "205904303"}