{"score": 4, "title": "Stylish and user friendly", "body": "Works fine, the only problem is not being able to use the cleaning feature. I knew this prior to purchasing based on numerous reviews (and the salesperson even told us not to use it) but I was limited in my search as this was a replacement and had to fit the dimensions from the old oven. I do wish at least two of the racks were easy glide. Had this for about 9 months now and no problems, I like the looks, very contemporary. Also like the built in thermometer.", "review_link": "https://www.homedepot.com/p/reviews/KitchenAid-30-in-Single-Electric-Wall-Oven-Self-Cleaning-with-Convection-in-Stainless-Steel-KOSE500ESS/205904303/", "product_link": "https://www.homedepot.com/p/KitchenAid-30-in-Single-Electric-Wall-Oven-Self-Cleaning-with-Convection-in-Stainless-Steel-KOSE500ESS/205904303", "average_rating": "4.7", "product_number": "205904303"}