{"score": 5, "title": "Great oven", "body": "This replaced another brand that had dealt us fits for 7 years. This one works great, keeps an even temp and look cool. The handle makes the look. Features are super and easy to operate.", "review_link": "https://www.homedepot.com/p/reviews/KitchenAid-30-in-Single-Electric-Wall-Oven-Self-Cleaning-with-Convection-in-Stainless-Steel-KOSE500ESS/205904303/", "product_link": "https://www.homedepot.com/p/KitchenAid-30-in-Single-Electric-Wall-Oven-Self-Cleaning-with-Convection-in-Stainless-Steel-KOSE500ESS/205904303", "average_rating": "4.7", "product_number": "205904303"}