{"score": 1, "title": "Product didn\u2019t work right out of the box. Sent it...", "body": "Product didn\u2019t work right out of the box. Sent it back. Ugh. What a hassle.", "review_link": "https://www.homedepot.com/p/reviews/Sharp-30-in-W-1-2-cu-ft-Built-In-Microwave-Drawer-with-Easy-Touch-Control-in-Real-Stainless-SMD3070ASY/206137790/", "product_link": "https://www.homedepot.com/p/Sharp-30-in-W-1-2-cu-ft-Built-In-Microwave-Drawer-with-Easy-Touch-Control-in-Real-Stainless-SMD3070ASY/206137790", "average_rating": "3.6", "product_number": "206137790"}