{"score": 1, "title": "We purchased this Sharp microwave drawer to replace a current Sharp microwave drawer which gave u...", "body": "We purchased this Sharp microwave drawer to replace a current Sharp microwave drawer which gave us nothing but problems after 5 years of use. We spent over $600 fixing the \"old\" microwave - which we paid over $1600 for in 2012. The repair company replaced every part they could think of and it still kept blowing fuses. We finally decided to replace instead of repair again. Installed new Sharp microwave drawer (which required cutting the cabinet even though Sharo assured me prior to purchase that we could just slide one and and slide the other in - there is a cut out on the top required for the new flip in/out display). Powered up. Sounds like its working. DOES NOT HEAT UP! So, two more days without a microwave until Sharp can send someone out. This is not rocket science. Call me crazy, but I expect high end appliances to last longer than 6 years.", "review_link": "https://www.homedepot.com/p/reviews/Sharp-30-in-W-1-2-cu-ft-Built-In-Microwave-Drawer-with-Easy-Touch-Control-in-Real-Stainless-SMD3070ASY/206137790/", "product_link": "https://www.homedepot.com/p/Sharp-30-in-W-1-2-cu-ft-Built-In-Microwave-Drawer-with-Easy-Touch-Control-in-Real-Stainless-SMD3070ASY/206137790", "average_rating": "3.6", "product_number": "206137790"}