{"score": 1, "title": "We received the box and all the foam inside was...", "body": "We received the box and all the foam inside was apart. Installed microwave and it didn\u2019t heat/cook. Called service and they said they could send someone out to fix. We returned it bc it was brand new- shouldn\u2019t need to be fixed!", "review_link": "https://www.homedepot.com/p/reviews/Sharp-30-in-W-1-2-cu-ft-Built-In-Microwave-Drawer-with-Easy-Touch-Control-in-Real-Stainless-SMD3070ASY/206137790/", "product_link": "https://www.homedepot.com/p/Sharp-30-in-W-1-2-cu-ft-Built-In-Microwave-Drawer-with-Easy-Touch-Control-in-Real-Stainless-SMD3070ASY/206137790", "average_rating": "3.6", "product_number": "206137790"}