{"score": 5, "title": "Love it!!", "body": "We love our new GE washer dryer set. We decided to get these as our Christmas. So far they are the best present ever!!! Everything about them is great. Runs very Quiet\u2026 the washer has a lot of great features but not so many to be overwhelming but features that make doing laundry less of a chore!", "review_link": "https://www.homedepot.com/p/reviews/GE-7-2-cu-ft-240-Volt-White-Electric-Vented-Dryer-GTD42EASJWW/206355459/", "product_link": "https://www.homedepot.com/p/GE-7-2-cu-ft-240-Volt-White-Electric-Vented-Dryer-GTD42EASJWW/206355459", "average_rating": "4.6", "product_number": "206355459"}