{"score": 5, "title": "Great oven", "body": "We recently got our oven installed and we are loving these ovens. It's great to be able to cook 2 different foods at the same time on the correct temperatures for both.", "review_link": "https://www.homedepot.com/p/reviews/LG-Electronics-30-in-Double-Electric-Wall-Oven-Self-Cleaning-with-Convection-and-EasyClean-in-Stainless-Steel-LWD3063ST/206824931/", "product_link": "https://www.homedepot.com/p/LG-Electronics-30-in-Double-Electric-Wall-Oven-Self-Cleaning-with-Convection-and-EasyClean-in-Stainless-Steel-LWD3063ST/206824931", "average_rating": "4.6", "product_number": "206824931"}