{"score": 1, "title": "The oven had a hole in the inside upper roof....", "body": "The oven had a hole in the inside upper roof. An oval manufactured part was missing from the top of the oven allowing all the internal heat to escape. Summit Appliance was not helpful in solving the problem. The issue was referred to a local service company who admitted they had to such part available to resolve the problem.", "review_link": "https://www.homedepot.com/p/reviews/Summit-Appliance-24-in-Single-Gas-Wall-Oven-in-Black-TTM7212DK/206822948/", "product_link": "https://www.homedepot.com/p/Summit-Appliance-24-in-Single-Gas-Wall-Oven-in-Black-TTM7212DK/206822948", "average_rating": "3.4", "product_number": "206822948"}