{"score": 5, "title": "Very efficient and easy to use", "body": "After spending months with a dryer that spun, but had no hot air, any dryer would have done. Wanted to go with a trusted brand and chose on price, reliability and simplicity. So glad we went with this one! Our purchase ended up being low enough that we lurched the washer as well. It\u2019s so easy to use and works great.", "review_link": "https://www.homedepot.com/p/reviews/GE-7-2-cu-ft-120-Volt-White-Gas-Vented-Dryer-GTD33GASKWW/206824725/", "product_link": "https://www.homedepot.com/p/GE-7-2-cu-ft-120-Volt-White-Gas-Vented-Dryer-GTD33GASKWW/206824725", "average_rating": "4.2", "product_number": "206824725"}