{"score": 5, "title": "THE OVEN DID NOT FIT, BUT THE INSTALLERS KNEW WHAT...", "body": "THE OVEN DID NOT FIT, BUT THE INSTALLERS KNEW WHAT TO DO, AND BUILT IT UP . EVERYTHING SEEMS TO BE OKAY. LOOKS LIKE A WELL MADE OVEN. IT LOOKS GREAT!", "review_link": "https://www.homedepot.com/p/reviews/Summit-Appliance-24-in-Single-Gas-Wall-Oven-in-Black-TTM7212KW/206823060/", "product_link": "https://www.homedepot.com/p/Summit-Appliance-24-in-Single-Gas-Wall-Oven-in-Black-TTM7212KW/206823060", "average_rating": "3.4", "product_number": "206823060"}