{"score": 5, "title": "Overall very nice oven but it would been helpful if...", "body": "Overall very nice oven but it would been helpful if we had overall dimension of where it installs into cabinet.", "review_link": "https://www.homedepot.com/p/reviews/LG-Electronics-30-in-Single-Electric-Wall-Oven-with-Convection-and-EasyClean-in-Stainless-Steel-LWS3063ST/206824932/", "product_link": "https://www.homedepot.com/p/LG-Electronics-30-in-Single-Electric-Wall-Oven-with-Convection-and-EasyClean-in-Stainless-Steel-LWS3063ST/206824932", "average_rating": "4.6", "product_number": "206824932"}