{"score": 5, "title": "Lightweight in weight only. Great drying capacity.", "body": "It was easy for us to move it in. I could help my husband move it. It is lightweight and easy. But it packs a good punch. It works like a champ. Dries fast and efficient", "review_link": "https://www.homedepot.com/p/reviews/GE-7-2-cu-ft-240-Volt-White-Electric-Vented-Dryer-GTD33EASKWW/206824723/", "product_link": "https://www.homedepot.com/p/GE-7-2-cu-ft-240-Volt-White-Electric-Vented-Dryer-GTD33EASKWW/206824723", "average_rating": "4.5", "product_number": "206824723"}