{"score": 4, "title": "Working great so far.", "body": "Very attractive and well built. Does take alot longer than our last unit to pre heat and is a little noisy at times.", "review_link": "https://www.homedepot.com/p/reviews/LG-Electronics-30-in-Single-Electric-Wall-Oven-with-Convection-and-EasyClean-in-Stainless-Steel-LWS3063ST/206824932/", "product_link": "https://www.homedepot.com/p/LG-Electronics-30-in-Single-Electric-Wall-Oven-with-Convection-and-EasyClean-in-Stainless-Steel-LWS3063ST/206824932", "average_rating": "4.6", "product_number": "206824932"}