{"score": 2, "title": "GE wont honor warranty", "body": "After 3 months, dyer broke. Called GE. They said it was out of warranty. Spent serval hour trying resolve without success. At some point you have to put a price on your time, so now i am paying to get it fixed", "review_link": "https://www.homedepot.com/p/reviews/GE-7-2-cu-ft-120-Volt-White-Gas-Vented-Dryer-GTD33GASKWW/206824725/", "product_link": "https://www.homedepot.com/p/GE-7-2-cu-ft-120-Volt-White-Gas-Vented-Dryer-GTD33GASKWW/206824725", "average_rating": "4.2", "product_number": "206824725"}