{"score": 4, "title": "This appliance was purchased in order to replace an old Magic Chief oven. The dimensions listed i...", "body": "This appliance was purchased in order to replace an old Magic Chief oven. The dimensions listed in the description area accurate and the oven slid into the existing opening with almost no issues. Connecting the gas line was simple once all the proper fittings where obtained. The only fitting that comes with the unit is the regulator. The fittings to connect the regulator to the existing gas line and from the regulator to the oven unit are required. The oven is very efficient and there is no smell of gas when it is turned on. The dial and clock are simple but do their job. The temperature nob seems arbitrary and possibly inaccurate however, I have had no issues cooking or baking. Selecting the oven temperature is what you would expect from a dial controlled oven, temps are in 50 degree increments. The shipping process was easy. The unit had to be shipped directly to my house due to stores not regularly stocking the Summit brand. I had to pay extra for the shipping; however the oven arrived on one of the first days of estimated delivery and was carried to my back door. There was no damage to the box or the oven due to shipping and delivery. For regular everyday use the oven is perfect and I have had no issues so far. The oven is far more efficient and safer than the old oven it replaced.", "review_link": "https://www.homedepot.com/p/reviews/Summit-Appliance-24-in-Single-Gas-Wall-Oven-in-Black-TTM7212KW/206823060/", "product_link": "https://www.homedepot.com/p/Summit-Appliance-24-in-Single-Gas-Wall-Oven-in-Black-TTM7212KW/206823060", "average_rating": "3.4", "product_number": "206823060"}