{"score": 2, "title": "The unit has a gap between the broiler door and...", "body": "The unit has a gap between the broiler door and the frame of 1/4 to a 1/2\" and heat escapes. The manufacturer stated no gasket is required however, its a bad design and I would not recommend it.", "review_link": "https://www.homedepot.com/p/reviews/Summit-Appliance-24-in-Single-Gas-Wall-Oven-in-Black-TTM7212DK/206822948/", "product_link": "https://www.homedepot.com/p/Summit-Appliance-24-in-Single-Gas-Wall-Oven-in-Black-TTM7212DK/206822948", "average_rating": "3.4", "product_number": "206822948"}