{"score": 1, "title": "Not good, the oven didn\u2019t work at all. I went...", "body": "Not good, the oven didn\u2019t work at all. I went back to Home depot for help and no one did at all. I had a really bad experience with the item and the home depot store.", "review_link": "https://www.homedepot.com/p/reviews/LG-Electronics-30-in-Single-Electric-Wall-Oven-with-Convection-and-EasyClean-in-Stainless-Steel-LWS3063ST/206824932/", "product_link": "https://www.homedepot.com/p/LG-Electronics-30-in-Single-Electric-Wall-Oven-with-Convection-and-EasyClean-in-Stainless-Steel-LWS3063ST/206824932", "average_rating": "4.6", "product_number": "206824932"}