{"score": 5, "title": "Looks good, works great. Let's see what the holidays hold....", "body": "Looks good, works great. Let's see what the holidays hold.", "review_link": "https://www.homedepot.com/p/reviews/LG-Electronics-30-in-Double-Electric-Wall-Oven-Self-Cleaning-with-Convection-and-EasyClean-in-Stainless-Steel-LWD3063ST/206824931/", "product_link": "https://www.homedepot.com/p/LG-Electronics-30-in-Double-Electric-Wall-Oven-Self-Cleaning-with-Convection-and-EasyClean-in-Stainless-Steel-LWD3063ST/206824931", "average_rating": "4.6", "product_number": "206824931"}