{"score": 5, "title": "More Than I Expected", "body": "We have had our oven for a little over a month. I have enjoyed everything that has been cooked in it. The Convection Oven feature is great. I was a little apprehensive about this feature because I had never used one before. No problems, it converts automatically. What a great feature! I love it!", "review_link": "https://www.homedepot.com/p/reviews/LG-Electronics-30-in-Single-Electric-Wall-Oven-with-Convection-and-EasyClean-in-Stainless-Steel-LWS3063ST/206824932/", "product_link": "https://www.homedepot.com/p/LG-Electronics-30-in-Single-Electric-Wall-Oven-with-Convection-and-EasyClean-in-Stainless-Steel-LWS3063ST/206824932", "average_rating": "4.6", "product_number": "206824932"}