{"score": 1, "title": "Easy to Install if you know what your doing because...", "body": "Easy to Install if you know what your doing because the instructions that it came with were for a Gas Range. Also, the gas inlet is not your standard size...it's a small 3/8\" and it doesn't come with any adapters for 1/2\" or 5/8\". The Oven stopped working after 3 months and NOBODY at Summit Appliances would help. Yes, they answer the phone and promise to do something, but that's as far as it would go.", "review_link": "https://www.homedepot.com/p/reviews/Summit-Appliance-24-in-Single-Gas-Wall-Oven-in-Black-TTM7212DK/206822948/", "product_link": "https://www.homedepot.com/p/Summit-Appliance-24-in-Single-Gas-Wall-Oven-in-Black-TTM7212DK/206822948", "average_rating": "3.4", "product_number": "206822948"}