{"score": 4, "title": "Nice Oven", "body": "I purchased this unit in September 2020. I am very happy with the product. It looks nice and works well. Takes a little time to get use to the fact it cooks faster.", "review_link": "https://www.homedepot.com/p/reviews/LG-Electronics-30-in-Single-Electric-Wall-Oven-with-Convection-and-EasyClean-in-Stainless-Steel-LWS3063ST/206824932/", "product_link": "https://www.homedepot.com/p/LG-Electronics-30-in-Single-Electric-Wall-Oven-with-Convection-and-EasyClean-in-Stainless-Steel-LWS3063ST/206824932", "average_rating": "4.6", "product_number": "206824932"}