{"score": 4, "title": "Really nice product!", "body": "I purchased this a couple of months ago. I like the true convection ovens and it\u2019s beautiful blue interior lighting. It cooks beautifully with a little calibration. The only wish I have is that there be an option to leave the light on at will.", "review_link": "https://www.homedepot.com/p/reviews/LG-Electronics-30-in-Double-Electric-Wall-Oven-Self-Cleaning-with-Convection-and-EasyClean-in-Stainless-Steel-LWD3063ST/206824931/", "product_link": "https://www.homedepot.com/p/LG-Electronics-30-in-Double-Electric-Wall-Oven-Self-Cleaning-with-Convection-and-EasyClean-in-Stainless-Steel-LWD3063ST/206824931", "average_rating": "4.6", "product_number": "206824931"}