{"score": 4, "title": "GE Stove", "body": "I just got the stove delivered yesterday. Used it for the first time today for breakfast. the only thing I don't like is the time is in bright white numbers. Too shocking for the eyes first thing in the morning. Don't know why they use the light green like on the GE microwave", "review_link": "https://www.homedepot.com/p/reviews/GE-30-in-5-3-cu-ft-Electric-Range-with-Self-Cleaning-Oven-in-Stainless-Steel-JB645RKSS/206942923/", "product_link": "https://www.homedepot.com/p/GE-30-in-5-3-cu-ft-Electric-Range-with-Self-Cleaning-Oven-in-Stainless-Steel-JB645RKSS/206942923", "average_rating": "4.6", "product_number": "206942923"}