{"score": 5, "title": "2 weeks in and the product works great!", "body": "This product is a steal for the price. Who needs all the bells and whistles. Just do the important things well. Seems to boil water faster than my old stovetop which was a 2016 model.", "review_link": "https://www.homedepot.com/p/reviews/GE-30-in-5-3-cu-ft-Electric-Range-with-Self-Cleaning-Oven-in-Stainless-Steel-JB645RKSS/206942923/", "product_link": "https://www.homedepot.com/p/GE-30-in-5-3-cu-ft-Electric-Range-with-Self-Cleaning-Oven-in-Stainless-Steel-JB645RKSS/206942923", "average_rating": "4.6", "product_number": "206942923"}