{"score": 5, "title": "I love the functions of the stove. The choice of...", "body": "I love the functions of the stove. The choice of a small or large pan in front is a plus that comes in very handy. I am enjoying the smooth top for cleaning purposes. It is much easier to keep clean. I would buy it all over again. I am so happy to have an oven that is the correct temperature since I do a lot of baking.", "review_link": "https://www.homedepot.com/p/reviews/GE-30-in-5-3-cu-ft-Electric-Range-with-Self-Cleaning-Oven-in-Stainless-Steel-JB645RKSS/206942923/", "product_link": "https://www.homedepot.com/p/GE-30-in-5-3-cu-ft-Electric-Range-with-Self-Cleaning-Oven-in-Stainless-Steel-JB645RKSS/206942923", "average_rating": "4.6", "product_number": "206942923"}