{"score": 5, "title": "Just what I needed.", "body": "Forced to buy a new washer because my 6 year old GE failed. Decided on the Maytag due to the size I needed and the functions. Perfect for me and washes fine and I'm happy with the purchase. Seems to do a better washing job than my other but don't know why - yet happy about it.", "review_link": "https://www.homedepot.com/p/reviews/Maytag-4-2-cu-ft-High-Efficiency-White-Top-Load-Washing-Machine-with-Deep-Water-Wash-and-PowerWash-Cycle-MVWC565FW/207084708/", "product_link": "https://www.homedepot.com/p/Maytag-4-2-cu-ft-High-Efficiency-White-Top-Load-Washing-Machine-with-Deep-Water-Wash-and-PowerWash-Cycle-MVWC565FW/207084708", "average_rating": "4.4", "product_number": "207084708"}