{"score": 3, "title": "Bought a washer not a paint shaker", "body": "Bought this LG washer and matching dryer for a new house 2 years ago. Machine is perfectly level, but it shakes horribly with every load regardless of load size. I do not design washing machines but problem appears to be the drum itself not being level. Drum leans down in the back, clothes get out of balance and machine shakes after a few minutes, either a design flaw or faulty machine. Since there are other reviews mentioning the shaking, I am betting on a design flaw. I may try to level the drum by unleveling the machine, perhaps that will fix this flaw. Aside from that, nice looking machine with great features. Too bad it doesn't work right.", "review_link": "https://www.homedepot.com/p/reviews/LG-Electronics-9-0-cu-ft-Stackable-Electric-Dryer-w-TrueSteam-SteamFresh-and-Pedestal-Compatible-in-Graphite-Steel-DLEX8100V/207024882/", "product_link": "https://www.homedepot.com/p/LG-Electronics-9-0-cu-ft-Stackable-Electric-Dryer-w-TrueSteam-SteamFresh-and-Pedestal-Compatible-in-Graphite-Steel-DLEX8100V/207024882", "average_rating": "4.6", "product_number": "207024882"}