{"score": 1, "title": "Takes a king size quilt easily! Has a hand wash...", "body": "Takes a king size quilt easily! Has a hand wash feature that works on super-delicates and woolen items (now we can use wool sweaters!). Can sanitize anything. Takes small carpets and fully washes them, very delicately. Steam feature takes out wrinkles\u2014I use it at a lower setting (medium). I would love a \u201cdelicates\u201d speed wash, but speed wash is beautifully fast. Love my LG!", "review_link": "https://www.homedepot.com/p/reviews/LG-Electronics-9-0-cu-ft-Stackable-Electric-Dryer-w-TrueSteam-SteamFresh-and-Pedestal-Compatible-in-Graphite-Steel-DLEX8100V/207024882/", "product_link": "https://www.homedepot.com/p/LG-Electronics-9-0-cu-ft-Stackable-Electric-Dryer-w-TrueSteam-SteamFresh-and-Pedestal-Compatible-in-Graphite-Steel-DLEX8100V/207024882", "average_rating": "4.6", "product_number": "207024882"}