{"score": 5, "title": "GE - JVM7195EKES as a replacement microwave", "body": "Product seems like a good replacement to the original GE microwave installed when the home was first built. I have not had any issues thus far.", "review_link": "https://www.homedepot.com/p/reviews/GE-1-9-cu-ft-Over-the-Range-Microwave-in-Stainless-Steel-with-Sensor-Cooking-JVM7195SKSS/207025745/", "product_link": "https://www.homedepot.com/p/GE-1-9-cu-ft-Over-the-Range-Microwave-in-Stainless-Steel-with-Sensor-Cooking-JVM7195SKSS/207025745", "average_rating": "4.4", "product_number": "207025745"}