{"score": 5, "title": "We chose this Maytag washer because of the capacity of...", "body": "We chose this Maytag washer because of the capacity of the tag and the actual size of the washer. It replaced a Maytag 3.9 ft washer that was at least 12 years old. The water pump finally went up. Replacing a dryer in a mobile home space is somewhat difficult because of the restricted space requirement is very hard to find a product to fit, but Maytag came thru.", "review_link": "https://www.homedepot.com/p/reviews/Maytag-4-2-cu-ft-High-Efficiency-White-Top-Load-Washing-Machine-with-Deep-Water-Wash-and-PowerWash-Cycle-MVWC565FW/207084708/", "product_link": "https://www.homedepot.com/p/Maytag-4-2-cu-ft-High-Efficiency-White-Top-Load-Washing-Machine-with-Deep-Water-Wash-and-PowerWash-Cycle-MVWC565FW/207084708", "average_rating": "4.4", "product_number": "207084708"}