{"score": 5, "title": "Simplicity that works", "body": "We are pleased so far with our purchase. It's simplicity at work.", "review_link": "https://www.homedepot.com/p/reviews/Maytag-4-2-cu-ft-High-Efficiency-White-Top-Load-Washing-Machine-with-Deep-Water-Wash-and-PowerWash-Cycle-MVWC565FW/207084708/", "product_link": "https://www.homedepot.com/p/Maytag-4-2-cu-ft-High-Efficiency-White-Top-Load-Washing-Machine-with-Deep-Water-Wash-and-PowerWash-Cycle-MVWC565FW/207084708", "average_rating": "4.4", "product_number": "207084708"}