{"score": 5, "title": "Beautiful set. Works well so far. Washes clean and dries...", "body": "Beautiful set. Works well so far. Washes clean and dries very well. It's quick and quiet.", "review_link": "https://www.homedepot.com/p/reviews/LG-Electronics-9-0-cu-ft-Stackable-Electric-Dryer-w-TrueSteam-SteamFresh-and-Pedestal-Compatible-in-Graphite-Steel-DLEX8100V/207024882/", "product_link": "https://www.homedepot.com/p/LG-Electronics-9-0-cu-ft-Stackable-Electric-Dryer-w-TrueSteam-SteamFresh-and-Pedestal-Compatible-in-Graphite-Steel-DLEX8100V/207024882", "average_rating": "4.6", "product_number": "207024882"}