{"score": 5, "title": "This is my 3rd set of LG Washer and Dryer...", "body": "This is my 3rd set of LG Washer and Dryer (every time I've moved, the buyers always want them to convey!) and I keep buying them because they work great! I usually hang my laundry and use my dryer only for sheets and towels (family of 4 - both kids have full-size beds and we have a king). Never had an issue with things not getting dry. Definitely recommend!", "review_link": "https://www.homedepot.com/p/reviews/LG-Electronics-9-0-cu-ft-Mega-Capacity-Stackable-Front-Load-Gas-Dryer-w-TrueSteam-SteamFresh-Pedestal-Compatible-in-Graphite-Steel-DLGX8101V/207024883/", "product_link": "https://www.homedepot.com/p/LG-Electronics-9-0-cu-ft-Mega-Capacity-Stackable-Front-Load-Gas-Dryer-w-TrueSteam-SteamFresh-Pedestal-Compatible-in-Graphite-Steel-DLGX8101V/207024883", "average_rating": "4.6", "product_number": "207024883"}