{"score": 5, "title": "The best washer and dryer ever to be had....", "body": "The best washer and dryer ever to be had.", "review_link": "https://www.homedepot.com/p/reviews/LG-Electronics-9-0-cu-ft-Mega-Capacity-Stackable-Front-Load-Gas-Dryer-w-TrueSteam-SteamFresh-Pedestal-Compatible-in-Graphite-Steel-DLGX8101V/207024883/", "product_link": "https://www.homedepot.com/p/LG-Electronics-9-0-cu-ft-Mega-Capacity-Stackable-Front-Load-Gas-Dryer-w-TrueSteam-SteamFresh-Pedestal-Compatible-in-Graphite-Steel-DLGX8101V/207024883", "average_rating": "4.6", "product_number": "207024883"}