{"score": 1, "title": "Does not wash well", "body": "I honestly had such high hopes for this washer. I have come to realize how much more of an issue this washer has been for me. I have a pet and two small toddlers. Needless to say the washer doesn\u2019t get the stains out of clothes whatsoever.", "review_link": "https://www.homedepot.com/p/reviews/Maytag-4-2-cu-ft-High-Efficiency-White-Top-Load-Washing-Machine-with-Deep-Water-Wash-and-PowerWash-Cycle-MVWC565FW/207084708/", "product_link": "https://www.homedepot.com/p/Maytag-4-2-cu-ft-High-Efficiency-White-Top-Load-Washing-Machine-with-Deep-Water-Wash-and-PowerWash-Cycle-MVWC565FW/207084708", "average_rating": "4.4", "product_number": "207084708"}