{"score": 5, "title": "Slick Microwave", "body": "Could not be happier. Had to purchase a trim kit which matches and fits perfectly. The microwave has all the features you want or need with a slick looking cabinet. Darker finish interior makes it look even better. So far very happy!", "review_link": "https://www.homedepot.com/p/reviews/GE-1-9-cu-ft-Over-the-Range-Microwave-in-Stainless-Steel-with-Sensor-Cooking-JVM7195SKSS/207025745/", "product_link": "https://www.homedepot.com/p/GE-1-9-cu-ft-Over-the-Range-Microwave-in-Stainless-Steel-with-Sensor-Cooking-JVM7195SKSS/207025745", "average_rating": "4.4", "product_number": "207025745"}