{"score": 5, "title": "Bought it to match the washer we already have. Working...", "body": "Bought it to match the washer we already have. Working great!", "review_link": "https://www.homedepot.com/p/reviews/LG-Electronics-9-0-cu-ft-Mega-Capacity-Stackable-Front-Load-Gas-Dryer-w-TrueSteam-SteamFresh-Pedestal-Compatible-in-Graphite-Steel-DLGX8101V/207024883/", "product_link": "https://www.homedepot.com/p/LG-Electronics-9-0-cu-ft-Mega-Capacity-Stackable-Front-Load-Gas-Dryer-w-TrueSteam-SteamFresh-Pedestal-Compatible-in-Graphite-Steel-DLGX8101V/207024883", "average_rating": "4.6", "product_number": "207024883"}