{"score": 1, "title": "Can't stand the automatic water sensor.", "body": "I've grown to hate this machine cause it never uses enough water. The deep water option isn't real. You can hear the machine working hard to shred your clothes.", "review_link": "https://www.homedepot.com/p/reviews/Maytag-4-2-cu-ft-High-Efficiency-White-Top-Load-Washing-Machine-with-Deep-Water-Wash-and-PowerWash-Cycle-MVWC565FW/207084708/", "product_link": "https://www.homedepot.com/p/Maytag-4-2-cu-ft-High-Efficiency-White-Top-Load-Washing-Machine-with-Deep-Water-Wash-and-PowerWash-Cycle-MVWC565FW/207084708", "average_rating": "4.4", "product_number": "207084708"}