{"score": 5, "title": "Great Features!", "body": "Size and features are excellent - fits perfect over the range and the fan is strong and quiet.", "review_link": "https://www.homedepot.com/p/reviews/GE-1-9-cu-ft-Over-the-Range-Microwave-in-Stainless-Steel-with-Sensor-Cooking-JVM7195SKSS/207025745/", "product_link": "https://www.homedepot.com/p/GE-1-9-cu-ft-Over-the-Range-Microwave-in-Stainless-Steel-with-Sensor-Cooking-JVM7195SKSS/207025745", "average_rating": "4.4", "product_number": "207025745"}