{"score": 5, "title": "Love Hotpoint", "body": "I love all the features. I haven\u2019t had a new machine in 15 years I should have gotten one sooner", "review_link": "https://www.homedepot.com/p/reviews/Hotpoint-3-8-cu-ft-27-in-Top-Load-Washer-in-White-with-Stainless-Steel-Tub-HTW240ASKWS/207188935/", "product_link": "https://www.homedepot.com/p/Hotpoint-3-8-cu-ft-27-in-Top-Load-Washer-in-White-with-Stainless-Steel-Tub-HTW240ASKWS/207188935", "average_rating": "4.4", "product_number": "207188935"}