{"score": 4, "title": "Simple and efficient", "body": "Gets clothes clean, no fancy controls to break. On the cons side, it\u2019s noisy and if load is not balanced it will require an extra spin cycle. An exact copy of my GE commercial washer.", "review_link": "https://www.homedepot.com/p/reviews/Hotpoint-3-8-cu-ft-27-in-Top-Load-Washer-in-White-with-Stainless-Steel-Tub-HTW240ASKWS/207188935/", "product_link": "https://www.homedepot.com/p/Hotpoint-3-8-cu-ft-27-in-Top-Load-Washer-in-White-with-Stainless-Steel-Tub-HTW240ASKWS/207188935", "average_rating": "4.4", "product_number": "207188935"}