{"score": 5, "title": "Cleans great, a lot bigger in the inside than I...", "body": "Cleans great, a lot bigger in the inside than I was expecting. Happy customer!", "review_link": "https://www.homedepot.com/p/reviews/Hotpoint-3-8-cu-ft-27-in-Top-Load-Washer-in-White-with-Stainless-Steel-Tub-HTW240ASKWS/207188935/", "product_link": "https://www.homedepot.com/p/Hotpoint-3-8-cu-ft-27-in-Top-Load-Washer-in-White-with-Stainless-Steel-Tub-HTW240ASKWS/207188935", "average_rating": "4.4", "product_number": "207188935"}