{"score": 1, "title": "Dryer not in condition or working properly", "body": "The first time the dryer came to the house it was not working. The 2 time that brought the dryer to the house it had a dent in it. Today was the third time to bring us another dryer and now there is no heat coming out of the dryer.", "review_link": "https://www.homedepot.com/p/reviews/Hotpoint-6-2-cu-ft-240-Volt-Electric-Dryer-in-White-HTX24EASKWS/207188948/", "product_link": "https://www.homedepot.com/p/Hotpoint-6-2-cu-ft-240-Volt-Electric-Dryer-in-White-HTX24EASKWS/207188948", "average_rating": "4.5", "product_number": "207188948"}