{"score": 5, "title": "MY FIRST WASHER", "body": "We had a washer that my mother in law got us used that lasted us for 12 years till the thing fell apart and dumped water everywhere. I had been looking at this washer now for about 2 years as I knew our time was coming to an end on the old one. I bought this on my credit card even though after Christmas and having to spend over $600 on new front brakes on car I was a bit stretched, but with a wife and son in school and at work and me being a homebody because of a heart attack I am MR. Mom. we had a lot of clothes that needed to be washed and when I got the washer hooked up and gave it a few test starts to make sure all good, I started in on our clothes. It took me 2 days to get it all done and the washer WORKED LIKE A CHAMP ! I was amazed at how clean everything was compared to our old one and how better smelling the clothes were as well.", "review_link": "https://www.homedepot.com/p/reviews/Hotpoint-3-8-cu-ft-27-in-Top-Load-Washer-in-White-with-Stainless-Steel-Tub-HTW240ASKWS/207188935/", "product_link": "https://www.homedepot.com/p/Hotpoint-3-8-cu-ft-27-in-Top-Load-Washer-in-White-with-Stainless-Steel-Tub-HTW240ASKWS/207188935", "average_rating": "4.4", "product_number": "207188935"}