{"score": 5, "title": "washer and Dryer Hot point", "body": "I have been waiting for this moment for quiet a long time . I finally got my washer and dryer and have been enjoying them all day long after two weeks without landry . So far so good !. Nothing to complain about. The washer is doing an oustanding jod and so the dryer . Just wondering how long they will last", "review_link": "https://www.homedepot.com/p/reviews/Hotpoint-6-2-cu-ft-120-Volt-Gas-Vented-Dryer-in-White-HTX24GASKWS/207188949/", "product_link": "https://www.homedepot.com/p/Hotpoint-6-2-cu-ft-120-Volt-Gas-Vented-Dryer-in-White-HTX24GASKWS/207188949", "average_rating": "4.2", "product_number": "207188949"}