{"score": 4, "title": "Looks good and the price was right", "body": "Note that there is no real \"large\" burner of this unit, so it requires more patience for cooking. Not sure why they designed it this way.", "review_link": "https://www.homedepot.com/p/reviews/Amana-4-8-cu-ft-Electric-Range-in-Stainless-Steel-AER6303MFS/300128445/", "product_link": "https://www.homedepot.com/p/Amana-4-8-cu-ft-Electric-Range-in-Stainless-Steel-AER6303MFS/300128445", "average_rating": "4.3", "product_number": "300128445"}