{"score": 5, "title": "I\u2019ve been wanting a flat burner oven for a while,...", "body": "I\u2019ve been wanting a flat burner oven for a while, this one is perfect. The only complaint is that it\u2019s not a self cleaning oven, but otherwise I\u2019m loving it!!", "review_link": "https://www.homedepot.com/p/reviews/Amana-4-8-cu-ft-Electric-Range-in-Stainless-Steel-AER6303MFS/300128445/", "product_link": "https://www.homedepot.com/p/Amana-4-8-cu-ft-Electric-Range-in-Stainless-Steel-AER6303MFS/300128445", "average_rating": "4.3", "product_number": "300128445"}