{"score": 5, "title": "Great looking", "body": "This is a sleek european looking fridge -- love the front temp display, along with how much it holds, even being a bit more narrow. Fits perfectly in our small kitchen!", "review_link": "https://www.homedepot.com/p/reviews/Haier-15-0-cu-ft-Bottom-Freezer-Refrigerator-in-Stainless-Steel-Fingerprint-Resistant-HRB15N3BGS/300859005/", "product_link": "https://www.homedepot.com/p/Haier-15-0-cu-ft-Bottom-Freezer-Refrigerator-in-Stainless-Steel-Fingerprint-Resistant-HRB15N3BGS/300859005", "average_rating": "4.5", "product_number": "300859005"}