{"score": 4, "title": "Much more than a microwave", "body": "Purchased to replace a 14 year old GE microwave that was peeling on inside and match ge oven. This was the only model that fit the cabinet cutout. What an upgrade! Can hardly wait to try out varied cooking modes, and to have 2 ovens instead of one. Just wish there was a \"potato\" button or selection, but can figure that out.", "review_link": "https://www.homedepot.com/p/reviews/GE-Profile-30-in-Electric-Convection-Wall-Oven-with-Built-In-Microwave-in-Stainless-Steel-PWB7030SLSS/301113078/", "product_link": "https://www.homedepot.com/p/GE-Profile-30-in-Electric-Convection-Wall-Oven-with-Built-In-Microwave-in-Stainless-Steel-PWB7030SLSS/301113078", "average_rating": "4.4", "product_number": "301113078"}