{"score": 5, "title": "Fit our GE monogram built in cabinet perfectly. We\u2019re only...", "body": "Fit our GE monogram built in cabinet perfectly. We\u2019re only a month in, so hopefully it lasts.", "review_link": "https://www.homedepot.com/p/reviews/GE-Profile-30-in-Electric-Convection-Wall-Oven-with-Built-In-Microwave-in-Stainless-Steel-PWB7030SLSS/301113078/", "product_link": "https://www.homedepot.com/p/GE-Profile-30-in-Electric-Convection-Wall-Oven-with-Built-In-Microwave-in-Stainless-Steel-PWB7030SLSS/301113078", "average_rating": "4.4", "product_number": "301113078"}