{"score": 5, "title": "It\u2019s such a nice microwave! We used the trim kit...", "body": "It\u2019s such a nice microwave! We used the trim kit the website requested and mounted it in the kitchen. So nice!", "review_link": "https://www.homedepot.com/p/reviews/LG-Electronics-NeoChef-2-0-cu-ft-Countertop-Microwave-in-Stainless-Steel-LMC2075ST/301690053/", "product_link": "https://www.homedepot.com/p/LG-Electronics-NeoChef-2-0-cu-ft-Countertop-Microwave-in-Stainless-Steel-LMC2075ST/301690053", "average_rating": "4.3", "product_number": "301690053"}