{"score": 5, "title": "The basic control panel works well. If one simply wants...", "body": "The basic control panel works well. If one simply wants heat food; this works well. This is a large, efficient unit.", "review_link": "https://www.homedepot.com/p/reviews/LG-Electronics-NeoChef-2-0-cu-ft-Countertop-Microwave-in-Stainless-Steel-LMC2075ST/301690053/", "product_link": "https://www.homedepot.com/p/LG-Electronics-NeoChef-2-0-cu-ft-Countertop-Microwave-in-Stainless-Steel-LMC2075ST/301690053", "average_rating": "4.3", "product_number": "301690053"}