{"score": 4, "title": "Great Build quality/Some issues", "body": "pro -sleek modern/good build quality - convection microwave oven -sliding roll out shelf oven -thermometer -water reservoir -wifi control through app (not sure if i would use this. cons -flimsy control panel (loose at the top) -touch control interface could have been more simple. to use microwave, you have to touch four different buttons to microwave: 1) touch to wake it up 2) select microwave 3) add time (30sec) 4) start (lg products provide a touch-sensitive bar) -no up and down arrow to select temperature/time, (only option is to enter time) -oven throws out an extensive amount of heat from the bottom -pre-heat to 350 takes 10 minutes previous 17 year old ge would take less than 6 minutes", "review_link": "https://www.homedepot.com/p/reviews/Samsung-30-in-Electric-Steam-Cook-Wall-Oven-with-Speed-Cook-Built-In-Microwave-in-Stainless-Steel-NQ70M6650DS/301746123/", "product_link": "https://www.homedepot.com/p/Samsung-30-in-Electric-Steam-Cook-Wall-Oven-with-Speed-Cook-Built-In-Microwave-in-Stainless-Steel-NQ70M6650DS/301746123", "average_rating": "3.4", "product_number": "301746123"}