{"score": 4, "title": "Delivered directly to my kitchen and then very easily self installed. Looks great, cooks great, h...", "body": "Delivered directly to my kitchen and then very easily self installed. Looks great, cooks great, has more features and cooking options than we know what to do with. We've only had it for a few weeks, so still learning how to make use of all the features. So far, seems to be a well built appliance that operates as advertised.", "review_link": "https://www.homedepot.com/p/reviews/Samsung-30-in-Electric-Steam-Cook-Wall-Oven-with-Speed-Cook-Built-In-Microwave-in-Stainless-Steel-NQ70M6650DS/301746123/", "product_link": "https://www.homedepot.com/p/Samsung-30-in-Electric-Steam-Cook-Wall-Oven-with-Speed-Cook-Built-In-Microwave-in-Stainless-Steel-NQ70M6650DS/301746123", "average_rating": "3.4", "product_number": "301746123"}