{"score": 5, "title": "So convenient!", "body": "This oven/microwave Combe is a huge space saver. Works great and has a ton a features including integrating with my home network.", "review_link": "https://www.homedepot.com/p/reviews/Samsung-30-in-Electric-Steam-Cook-Wall-Oven-with-Speed-Cook-Built-In-Microwave-in-Stainless-Steel-NQ70M6650DS/301746123/", "product_link": "https://www.homedepot.com/p/Samsung-30-in-Electric-Steam-Cook-Wall-Oven-with-Speed-Cook-Built-In-Microwave-in-Stainless-Steel-NQ70M6650DS/301746123", "average_rating": "3.4", "product_number": "301746123"}