{"score": 1, "title": "After 1 year 1 month, no longer covered by Warranty the Microwave stops working.", "body": "After 1 year 1 month, no longer covered by Warranty the Microwave stops working.", "review_link": "https://www.homedepot.com/p/reviews/Samsung-30-in-Electric-Steam-Cook-Wall-Oven-with-Speed-Cook-Built-In-Microwave-in-Stainless-Steel-NQ70M6650DS/301746123/", "product_link": "https://www.homedepot.com/p/Samsung-30-in-Electric-Steam-Cook-Wall-Oven-with-Speed-Cook-Built-In-Microwave-in-Stainless-Steel-NQ70M6650DS/301746123", "average_rating": "3.4", "product_number": "301746123"}