{"score": 5, "title": "Perfect for my Travel Trailer, the one installed when I...", "body": "Perfect for my Travel Trailer, the one installed when I bought it, broke. I replaced it with an apartment size refrigerator, nice size.", "review_link": "https://www.homedepot.com/p/reviews/Magic-Chef-10-1-cu-ft-Top-Freezer-Refrigerator-in-White-HMDR1000WE/302245066/", "product_link": "https://www.homedepot.com/p/Magic-Chef-10-1-cu-ft-Top-Freezer-Refrigerator-in-White-HMDR1000WE/302245066", "average_rating": "4.5", "product_number": "302245066"}