{"score": 5, "title": "Great preset features!", "body": "I love all the preset options! I never have to guess how long to microwave something. Tons of features and options to chose from.", "review_link": "https://www.homedepot.com/p/reviews/Whirlpool-1-9-cu-ft-Over-the-Range-Microwave-in-Fingerprint-Resistant-Stainless-Steel-with-Sensor-Cooking-WMH32519HZ/302260301/", "product_link": "https://www.homedepot.com/p/Whirlpool-1-9-cu-ft-Over-the-Range-Microwave-in-Fingerprint-Resistant-Stainless-Steel-with-Sensor-Cooking-WMH32519HZ/302260301", "average_rating": "4.6", "product_number": "302260301"}