{"score": 5, "title": "Good so far!", "body": "Very satisfied with the microwave , would buy again..", "review_link": "https://www.homedepot.com/p/reviews/Whirlpool-1-9-cu-ft-Over-the-Range-Microwave-in-Fingerprint-Resistant-Stainless-Steel-with-Sensor-Cooking-WMH32519HZ/302260301/", "product_link": "https://www.homedepot.com/p/Whirlpool-1-9-cu-ft-Over-the-Range-Microwave-in-Fingerprint-Resistant-Stainless-Steel-with-Sensor-Cooking-WMH32519HZ/302260301", "average_rating": "4.6", "product_number": "302260301"}