{"score": 4, "title": "Easy to clean, two racks, rich looking...I only wish the...", "body": "Easy to clean, two racks, rich looking...I only wish the control panel was lit", "review_link": "https://www.homedepot.com/p/reviews/Whirlpool-1-9-cu-ft-Over-the-Range-Microwave-in-Fingerprint-Resistant-Stainless-Steel-with-Sensor-Cooking-WMH32519HZ/302260301/", "product_link": "https://www.homedepot.com/p/Whirlpool-1-9-cu-ft-Over-the-Range-Microwave-in-Fingerprint-Resistant-Stainless-Steel-with-Sensor-Cooking-WMH32519HZ/302260301", "average_rating": "4.6", "product_number": "302260301"}