{"score": 4, "title": "hard tp get parts", "body": "Fridge was great fpr abput a year, thwn the fan started making noise. I have yet to find a replacement fam that is not out of the country and coat is approx 100.00", "review_link": "https://www.homedepot.com/p/reviews/Magic-Chef-10-1-cu-ft-Top-Freezer-Refrigerator-in-White-HMDR1000WE/302245066/", "product_link": "https://www.homedepot.com/p/Magic-Chef-10-1-cu-ft-Top-Freezer-Refrigerator-in-White-HMDR1000WE/302245066", "average_rating": "4.5", "product_number": "302245066"}