{"score": 5, "title": "Great little wall oven", "body": "It was smaller than i had anticipated (fault on my end, didnt get all measurmenta) but it get the job done!", "review_link": "https://www.homedepot.com/p/reviews/Magic-Chef-24-in-2-2-cu-ft-Single-Electric-Wall-Oven-with-Convection-in-Stainless-Steel-MCSWOE24S/302693292/", "product_link": "https://www.homedepot.com/p/Magic-Chef-24-in-2-2-cu-ft-Single-Electric-Wall-Oven-with-Convection-in-Stainless-Steel-MCSWOE24S/302693292", "average_rating": "4.2", "product_number": "302693292"}