{"score": 5, "title": "Love this little thing really its perfect size for the...", "body": "Love this little thing really its perfect size for the 3 of ous two racks heats up super quick and gets the job done much faster with convection cooking, having a bit of trouble getting dough to rise, easy to install and looks amazing", "review_link": "https://www.homedepot.com/p/reviews/Magic-Chef-24-in-2-2-cu-ft-Single-Electric-Wall-Oven-with-Convection-in-Stainless-Steel-MCSWOE24S/302693292/", "product_link": "https://www.homedepot.com/p/Magic-Chef-24-in-2-2-cu-ft-Single-Electric-Wall-Oven-with-Convection-in-Stainless-Steel-MCSWOE24S/302693292", "average_rating": "4.2", "product_number": "302693292"}