{"score": 5, "title": "Great features and everything I wanted", "body": "No regrets, I\u2019m glad I purchased this refrigerator!!!", "review_link": "https://www.homedepot.com/p/reviews/Whirlpool-25-cu-ft-Side-by-Side-Refrigerator-in-Fingerprint-Resistant-Stainless-Steel-WRS325SDHZ/302785353/", "product_link": "https://www.homedepot.com/p/Whirlpool-25-cu-ft-Side-by-Side-Refrigerator-in-Fingerprint-Resistant-Stainless-Steel-WRS325SDHZ/302785353", "average_rating": "4.2", "product_number": "302785353"}