{"score": 5, "title": "nice fridge", "body": "the original whirlpool fridge, a similar but different model number, delivered two months prior was a lemon, with misaligned doors, frosty ice flying all over the place, frost inside, and door swing wildly open too far. so we were glad to get the replacement, which is great.", "review_link": "https://www.homedepot.com/p/reviews/Whirlpool-25-cu-ft-Side-by-Side-Refrigerator-in-Fingerprint-Resistant-Stainless-Steel-WRS325SDHZ/302785353/", "product_link": "https://www.homedepot.com/p/Whirlpool-25-cu-ft-Side-by-Side-Refrigerator-in-Fingerprint-Resistant-Stainless-Steel-WRS325SDHZ/302785353", "average_rating": "4.2", "product_number": "302785353"}