{"score": 4, "title": "Easy settings and accessibility", "body": "Quick settings and plenty of space. Only complaint is plastic door shelves are cheaply made.", "review_link": "https://www.homedepot.com/p/reviews/Whirlpool-25-cu-ft-Side-by-Side-Refrigerator-in-Fingerprint-Resistant-Stainless-Steel-WRS325SDHZ/302785353/", "product_link": "https://www.homedepot.com/p/Whirlpool-25-cu-ft-Side-by-Side-Refrigerator-in-Fingerprint-Resistant-Stainless-Steel-WRS325SDHZ/302785353", "average_rating": "4.2", "product_number": "302785353"}