{"score": 5, "title": "Really Nice", "body": "I bought this side-by-side a week ago, and I'm liking it more every day. It stays cold as it should and has plenty of room inside. It looks great too.", "review_link": "https://www.homedepot.com/p/reviews/Whirlpool-25-cu-ft-Side-by-Side-Refrigerator-in-Fingerprint-Resistant-Stainless-Steel-WRS325SDHZ/302785353/", "product_link": "https://www.homedepot.com/p/Whirlpool-25-cu-ft-Side-by-Side-Refrigerator-in-Fingerprint-Resistant-Stainless-Steel-WRS325SDHZ/302785353", "average_rating": "4.2", "product_number": "302785353"}