{"score": 5, "title": "Simple \u201cjust the way I like it", "body": "Good microwave, matches all of my other GE appliances. Very easy to run.", "review_link": "https://www.homedepot.com/p/reviews/GE-Profile-2-2-cu-ft-Countertop-Microwave-in-Stainless-Steel-with-Sensor-Cooking-PES7227SLSS/302944128/", "product_link": "https://www.homedepot.com/p/GE-Profile-2-2-cu-ft-Countertop-Microwave-in-Stainless-Steel-with-Sensor-Cooking-PES7227SLSS/302944128", "average_rating": "4", "product_number": "302944128"}