{"score": 4, "title": "Love the size and look!", "body": "It is big and powerful to to actually cook something... It matches the oven perfectly. I would have given it a 5, but it is more expensive than any other microwave, and does not have a probe, or unique cooking features.", "review_link": "https://www.homedepot.com/p/reviews/GE-Profile-2-2-cu-ft-Countertop-Microwave-in-Stainless-Steel-with-Sensor-Cooking-PES7227SLSS/302944128/", "product_link": "https://www.homedepot.com/p/GE-Profile-2-2-cu-ft-Countertop-Microwave-in-Stainless-Steel-with-Sensor-Cooking-PES7227SLSS/302944128", "average_rating": "4", "product_number": "302944128"}