{"score": 4, "title": "GE Profile microwave", "body": "Just installed our 2nd new GE Profile microwave! Hoping lasts longer than our first one of less than 2 years. Looks nice with the rest of our appliances!", "review_link": "https://www.homedepot.com/p/reviews/GE-Profile-2-2-cu-ft-Countertop-Microwave-in-Stainless-Steel-with-Sensor-Cooking-PES7227SLSS/302944128/", "product_link": "https://www.homedepot.com/p/GE-Profile-2-2-cu-ft-Countertop-Microwave-in-Stainless-Steel-with-Sensor-Cooking-PES7227SLSS/302944128", "average_rating": "4", "product_number": "302944128"}