{"score": 4, "title": "GE laundry center", "body": "This machine does a good job in cleaning and drying your clothes but the washer is a bit noisy.", "review_link": "https://www.homedepot.com/p/reviews/GE-White-Laundry-Center-3-8-cu-ft-Washer-and-5-9-cu-ft-240-Volt-Vented-Electric-Dryer-GUD27ESSMWW/303516041/", "product_link": "https://www.homedepot.com/p/GE-White-Laundry-Center-3-8-cu-ft-Washer-and-5-9-cu-ft-240-Volt-Vented-Electric-Dryer-GUD27ESSMWW/303516041", "average_rating": "4.3", "product_number": "303516041"}