{"score": 5, "title": "Perfect size", "body": "I have a small area for laundry, water heater, ac unit and storage. This set fit perfectly in my space and is light enough that I am able to move it myself. Having controls in the middle was a major reason for purchasing as was height of dryer which I have no problem reaching into.", "review_link": "https://www.homedepot.com/p/reviews/GE-White-Laundry-Center-3-8-cu-ft-Washer-and-5-9-cu-ft-240-Volt-Vented-Electric-Dryer-GUD27ESSMWW/303516041/", "product_link": "https://www.homedepot.com/p/GE-White-Laundry-Center-3-8-cu-ft-Washer-and-5-9-cu-ft-240-Volt-Vented-Electric-Dryer-GUD27ESSMWW/303516041", "average_rating": "4.3", "product_number": "303516041"}