{"score": 4, "title": "Love my new W/D", "body": "We love the stacked W/D. Love the washer size, the capacity is perfect for us and the features/choices for cleaning are exactly what we needed. We like the washer has an agitator for deeper cleaning. we had a front loader and did not like having to bend down far to get the cloths and more important the mold build up no matter what we did. plus front loaders use half the water, we were never sure our cloths were truly clean. our cloths smell much better now! the spinner cycle is perfect and nearly tries the cloths completely for less time in the dryer! the dryer capacity and feature options are perfect too! and last but not least the machine is not noisy. we live in a condo and was concerned about a loud machine, this machine is not loud. the reason for 4 stars was we were not fully satisfied with the installation but that has been rectified.", "review_link": "https://www.homedepot.com/p/reviews/GE-White-Laundry-Center-3-8-cu-ft-Washer-and-5-9-cu-ft-240-Volt-Vented-Electric-Dryer-GUD27ESSMWW/303516041/", "product_link": "https://www.homedepot.com/p/GE-White-Laundry-Center-3-8-cu-ft-Washer-and-5-9-cu-ft-240-Volt-Vented-Electric-Dryer-GUD27ESSMWW/303516041", "average_rating": "4.3", "product_number": "303516041"}