{"score": 5, "title": "Rating provided by a verified purchaser...", "body": "Rating provided by a verified purchaser", "review_link": "https://www.homedepot.com/p/reviews/Whirlpool-White-Laundry-Center-with-3-5-cu-ft-Washer-and-5-9-cu-ft-Electric-Dryer-with-9-Wash-cycles-and-AUTODRY-WET4027HW/304491410/", "product_link": "https://www.homedepot.com/p/Whirlpool-White-Laundry-Center-with-3-5-cu-ft-Washer-and-5-9-cu-ft-Electric-Dryer-with-9-Wash-cycles-and-AUTODRY-WET4027HW/304491410", "average_rating": "4.1", "product_number": "304491410"}