{"score": 1, "title": "No it did not meet my expectations. My OLD...", "body": "No it did not meet my expectations. My OLD Whirlpool was a lot better than this piece of junk. I do not like the water saver, no buzzer when clothes are dry and it is certainly not worth the money. I wish I had my old combo back.", "review_link": "https://www.homedepot.com/p/reviews/Whirlpool-White-Laundry-Center-with-3-5-cu-ft-Washer-and-5-9-cu-ft-Electric-Dryer-with-9-Wash-cycles-and-AUTODRY-WET4027HW/304491410/", "product_link": "https://www.homedepot.com/p/Whirlpool-White-Laundry-Center-with-3-5-cu-ft-Washer-and-5-9-cu-ft-Electric-Dryer-with-9-Wash-cycles-and-AUTODRY-WET4027HW/304491410", "average_rating": "4.1", "product_number": "304491410"}