{"score": 5, "title": "So far so good.....nice & spacious...had same style GE combo...", "body": "So far so good.....nice & spacious...had same style GE combo & after it was 4 years old...the washer broke every year.", "review_link": "https://www.homedepot.com/p/reviews/Whirlpool-White-Laundry-Center-with-3-5-cu-ft-Washer-and-5-9-cu-ft-Electric-Dryer-with-9-Wash-cycles-and-AUTODRY-WET4027HW/304491410/", "product_link": "https://www.homedepot.com/p/Whirlpool-White-Laundry-Center-with-3-5-cu-ft-Washer-and-5-9-cu-ft-Electric-Dryer-with-9-Wash-cycles-and-AUTODRY-WET4027HW/304491410", "average_rating": "4.1", "product_number": "304491410"}