{"score": 5, "title": "Love this appliance. Met and exceeded my expectations...", "body": "Love this appliance. Met and exceeded my expectations", "review_link": "https://www.homedepot.com/p/reviews/LG-Electronics-21-8-cu-ft-French-Door-Refrigerator-with-External-Water-Dispenser-in-Stainless-Steel-LFDS22520S/304416120/", "product_link": "https://www.homedepot.com/p/LG-Electronics-21-8-cu-ft-French-Door-Refrigerator-with-External-Water-Dispenser-in-Stainless-Steel-LFDS22520S/304416120", "average_rating": "4.5", "product_number": "304416120"}