{"score": 5, "title": "Nicer than I originally thought", "body": "We originally bought another refrig with a top freezer which leaked when we switched the doors. Due to availability and size we were very limited and decided to try this bottom freezer. We had heard of the difficulties with getting LG parts and were skeptical. So far we are enjoying our purchase.", "review_link": "https://www.homedepot.com/p/reviews/LG-Electronics-21-8-cu-ft-French-Door-Refrigerator-with-External-Water-Dispenser-in-Stainless-Steel-LFDS22520S/304416120/", "product_link": "https://www.homedepot.com/p/LG-Electronics-21-8-cu-ft-French-Door-Refrigerator-with-External-Water-Dispenser-in-Stainless-Steel-LFDS22520S/304416120", "average_rating": "4.5", "product_number": "304416120"}