{"score": 3, "title": "Cool down cycle", "body": "It works ok. However it has a cool down setting that automatically comes on. I want my clothes to be warm and dry! Also the door is spring tight and slams shut if I don't guide it shut.", "review_link": "https://www.homedepot.com/p/reviews/Whirlpool-7-0-cu-ft-240-Volt-White-Electric-Vented-Dryer-with-AUTODRY-Drying-System-WED4950HW/304753183/", "product_link": "https://www.homedepot.com/p/Whirlpool-7-0-cu-ft-240-Volt-White-Electric-Vented-Dryer-with-AUTODRY-Drying-System-WED4950HW/304753183", "average_rating": "4.6", "product_number": "304753183"}