{"score": 5, "title": "Great Features and Results", "body": "I received my dryer on 15 November 21. My old Whirlpool dryer (I had for many years) took many hours just to dry 1 load. My new Whirlpool dryer is WONDERFUL!. I'm wanting to keep washing anything just to use my dryer. The features leave me with leisure time. I love my Whirlpool appliances and the next will be a Whirlpool Gas Stove.", "review_link": "https://www.homedepot.com/p/reviews/Whirlpool-7-0-cu-ft-120-Volt-White-Gas-Vented-Dryer-with-AUTODRY-Drying-System-WGD4950HW/304751320/", "product_link": "https://www.homedepot.com/p/Whirlpool-7-0-cu-ft-120-Volt-White-Gas-Vented-Dryer-with-AUTODRY-Drying-System-WGD4950HW/304751320", "average_rating": "4.5", "product_number": "304751320"}