{"score": 1, "title": "Home Depot would not install dryer", "body": "Even though everything on the website leads you to believe that they will install, level, and test the appliance, Home Depot refused to do so. Both local and online support agreed that it was misleading, but failed to do anything but refer me to an installation vendor that would cost me an additional $100+. I'm left with an uninstalled dryer, that was not tested, leveled or connected, and all I get from support was \"It is your problem\". I highly recommend not choosing Home Depot for gas appliances as they don't follow through with the promises listed on their website.", "review_link": "https://www.homedepot.com/p/reviews/Whirlpool-7-0-cu-ft-120-Volt-White-Gas-Vented-Dryer-with-AUTODRY-Drying-System-WGD4950HW/304751320/", "product_link": "https://www.homedepot.com/p/Whirlpool-7-0-cu-ft-120-Volt-White-Gas-Vented-Dryer-with-AUTODRY-Drying-System-WGD4950HW/304751320", "average_rating": "4.5", "product_number": "304751320"}