{"score": 5, "title": "Great Value", "body": "This new dryer replaced my old Whirlpool Dryer that served me for 45 years! The features on this new machine are wonderful and so far, I am very pleased with it. I love the built in light and the top to bottom opening door makes loading and unloading so much easier. The sensor dry feature certainly seems to be a nice energy saver! Whirlpool definitely put alot of thought into this appliance.", "review_link": "https://www.homedepot.com/p/reviews/Whirlpool-7-0-cu-ft-120-Volt-White-Gas-Vented-Dryer-with-AUTODRY-Drying-System-WGD4950HW/304751320/", "product_link": "https://www.homedepot.com/p/Whirlpool-7-0-cu-ft-120-Volt-White-Gas-Vented-Dryer-with-AUTODRY-Drying-System-WGD4950HW/304751320", "average_rating": "4.5", "product_number": "304751320"}