{"score": 5, "title": "GREAT DRYER!", "body": "My dryer stops functioning the day after Christmas. I found this one at a great price.", "review_link": "https://www.homedepot.com/p/reviews/Whirlpool-7-0-cu-ft-240-Volt-White-Electric-Vented-Dryer-with-AUTODRY-Drying-System-WED4950HW/304753183/", "product_link": "https://www.homedepot.com/p/Whirlpool-7-0-cu-ft-240-Volt-White-Electric-Vented-Dryer-with-AUTODRY-Drying-System-WED4950HW/304753183", "average_rating": "4.6", "product_number": "304753183"}