{"score": 4, "title": "Easy to use", "body": "Was looking for a basic clothes dryer & found it in this model. Does exactly what it is needed for: drying clothes. I like that you can choose the heat level on the timed dry cycle & that you can turn the end of cycle signal off or on as you want it.", "review_link": "https://www.homedepot.com/p/reviews/Whirlpool-7-0-cu-ft-120-Volt-White-Gas-Vented-Dryer-with-AUTODRY-Drying-System-WGD4950HW/304751320/", "product_link": "https://www.homedepot.com/p/Whirlpool-7-0-cu-ft-120-Volt-White-Gas-Vented-Dryer-with-AUTODRY-Drying-System-WGD4950HW/304751320", "average_rating": "4.5", "product_number": "304751320"}