{"score": 2, "title": "Barely dries the clothes. Most times I have to set...", "body": "Barely dries the clothes. Most times I have to set it twice to get the load dried (on sensor and timed). Flimsy door and construction", "review_link": "https://www.homedepot.com/p/reviews/Whirlpool-7-0-cu-ft-120-Volt-White-Gas-Vented-Dryer-with-AUTODRY-Drying-System-WGD4950HW/304751320/", "product_link": "https://www.homedepot.com/p/Whirlpool-7-0-cu-ft-120-Volt-White-Gas-Vented-Dryer-with-AUTODRY-Drying-System-WGD4950HW/304751320", "average_rating": "4.5", "product_number": "304751320"}