{"score": 3, "title": "Looks great but doesn't heat very well", "body": "We purchased three Bosch appliances (pro style range, dishwasher, and microwave drawer). They all look great and we are happy with their appearance. The mocrowave drawer, however, doesn't heat food up as well as a standard microwave with a turntable in it. It seems it takes about twice as long to heat food.", "review_link": "https://www.homedepot.com/p/reviews/Bosch-800-Series-24-in-1-2-cu-ft-Built-In-Drawer-Microwave-in-Stainless-Steel-with-Sensor-Cooking-HMD8451UC/304811533/", "product_link": "https://www.homedepot.com/p/Bosch-800-Series-24-in-1-2-cu-ft-Built-In-Drawer-Microwave-in-Stainless-Steel-with-Sensor-Cooking-HMD8451UC/304811533", "average_rating": "4.4", "product_number": "304811533"}