{"score": 5, "title": "love our new microwave!", "body": "we purchased this microwave as part of our complete kitchen remodel. we never had a drawer microwave and i have to say that everyone who uses it LOVES it. it's efficient and easy to use, and looks beautiful as part of the cabinetry.", "review_link": "https://www.homedepot.com/p/reviews/Bosch-800-Series-24-in-1-2-cu-ft-Built-In-Drawer-Microwave-in-Stainless-Steel-with-Sensor-Cooking-HMD8451UC/304811533/", "product_link": "https://www.homedepot.com/p/Bosch-800-Series-24-in-1-2-cu-ft-Built-In-Drawer-Microwave-in-Stainless-Steel-with-Sensor-Cooking-HMD8451UC/304811533", "average_rating": "4.4", "product_number": "304811533"}