{"score": 4, "title": "Works Great", "body": "Bought this when I remodled my kitchen last year and happy so far. Heats very well and easy to use. The drawer took some getting used to from an eye level door micro but now used to it. Easy to clean. Would recommend it to others.", "review_link": "https://www.homedepot.com/p/reviews/Bosch-800-Series-24-in-1-2-cu-ft-Built-In-Drawer-Microwave-in-Stainless-Steel-with-Sensor-Cooking-HMD8451UC/304811533/", "product_link": "https://www.homedepot.com/p/Bosch-800-Series-24-in-1-2-cu-ft-Built-In-Drawer-Microwave-in-Stainless-Steel-with-Sensor-Cooking-HMD8451UC/304811533", "average_rating": "4.4", "product_number": "304811533"}