{"score": 5, "title": "800 Series Drawer Microwave", "body": "Love it! Quiet, easy to use controls, and it fits in beautifully with the rest of the appliances.", "review_link": "https://www.homedepot.com/p/reviews/Bosch-800-Series-24-in-1-2-cu-ft-Built-In-Drawer-Microwave-in-Stainless-Steel-with-Sensor-Cooking-HMD8451UC/304811533/", "product_link": "https://www.homedepot.com/p/Bosch-800-Series-24-in-1-2-cu-ft-Built-In-Drawer-Microwave-in-Stainless-Steel-with-Sensor-Cooking-HMD8451UC/304811533", "average_rating": "4.4", "product_number": "304811533"}