{"score": 5, "title": "Everyhing we were looking for plus some!", "body": "Went from a wall oven and electric cooktop. This unit is not only eye appealing it has so many features. We both are vary happy with the quality and user friendly support. Keep up the great quality LG.", "review_link": "https://www.homedepot.com/p/reviews/LG-Electronics-6-9-cu-ft-Smart-Double-Oven-Slide-In-Gas-Range-with-ProBake-Convection-and-Wi-Fi-in-Stainless-Steel-LTG4715ST/304994119/", "product_link": "https://www.homedepot.com/p/LG-Electronics-6-9-cu-ft-Smart-Double-Oven-Slide-In-Gas-Range-with-ProBake-Convection-and-Wi-Fi-in-Stainless-Steel-LTG4715ST/304994119", "average_rating": "4.5", "product_number": "304994119"}