{"score": 2, "title": "Beware, self-clean only works on the lower oven", "body": "Ridiculous for a $3K unit. Self-cleaning was 1 of the main selling points, and the advertising should have been more transparent. LG needs to either make self-clean for both ovens or clearly state in the description that it is only for one.", "review_link": "https://www.homedepot.com/p/reviews/LG-Electronics-6-9-cu-ft-Smart-Double-Oven-Slide-In-Gas-Range-with-ProBake-Convection-and-Wi-Fi-in-Stainless-Steel-LTG4715ST/304994119/", "product_link": "https://www.homedepot.com/p/LG-Electronics-6-9-cu-ft-Smart-Double-Oven-Slide-In-Gas-Range-with-ProBake-Convection-and-Wi-Fi-in-Stainless-Steel-LTG4715ST/304994119", "average_rating": "4.5", "product_number": "304994119"}