{"score": 5, "title": "", "body": "I am overwhelmed with joy with all the thing this product offers. I made all our family favorites at the same time! I love how it let's me knw when to clean as well l", "review_link": "https://www.homedepot.com/p/reviews/LG-Electronics-6-9-cu-ft-Smart-Double-Oven-Slide-In-Gas-Range-with-ProBake-Convection-and-Wi-Fi-in-Stainless-Steel-LTG4715ST/304994119/", "product_link": "https://www.homedepot.com/p/LG-Electronics-6-9-cu-ft-Smart-Double-Oven-Slide-In-Gas-Range-with-ProBake-Convection-and-Wi-Fi-in-Stainless-Steel-LTG4715ST/304994119", "average_rating": "4.5", "product_number": "304994119"}