{"score": 5, "title": "LG gas range", "body": "I have never owned a gas range before. I was very careful in choosing the make and model for my first gas range. I love love love this LG gas range. The double oven is so convenient and it works great! I love the confection oven a lot! The range top is easy to clean and very easy to operate. I\u2019ve only owned LG washer & dryers up until now. I would definitely recommend the LG gas range!!", "review_link": "https://www.homedepot.com/p/reviews/LG-Electronics-6-9-cu-ft-Smart-Double-Oven-Slide-In-Gas-Range-with-ProBake-Convection-and-Wi-Fi-in-Stainless-Steel-LTG4715ST/304994119/", "product_link": "https://www.homedepot.com/p/LG-Electronics-6-9-cu-ft-Smart-Double-Oven-Slide-In-Gas-Range-with-ProBake-Convection-and-Wi-Fi-in-Stainless-Steel-LTG4715ST/304994119", "average_rating": "4.5", "product_number": "304994119"}