{"score": 5, "title": "Excellent size to help us out when our large fridge...", "body": "Excellent size to help us out when our large fridge died! Works well, doesn't take up a lot of space. The freezer is not really for \"freezing\" items or making ice cubes, really on good for keeping items extra cold.", "review_link": "https://www.homedepot.com/p/reviews/Magic-Chef-3-3-cu-ft-Mini-Fridge-in-Stainless-Look-HMR330SE/305026442/", "product_link": "https://www.homedepot.com/p/Magic-Chef-3-3-cu-ft-Mini-Fridge-in-Stainless-Look-HMR330SE/305026442", "average_rating": "4.5", "product_number": "305026442"}