{"score": 5, "title": "My Dog's Refrigerator", "body": "I bought this to store dog food. It's working great for my dog to have her own refrigerator. I have lots of room to stack up all her container meals, bone broth, and vegetables she likes. It keeps a constant temperature of 40 degrees and there has been no build up of ice in the freezer after several weeks. I'm very happy with the purchase.", "review_link": "https://www.homedepot.com/p/reviews/Magic-Chef-4-5-cu-ft-2-Door-Mini-Fridge-in-Stainless-Look-with-Freezer-HMDR450SE/305026385/", "product_link": "https://www.homedepot.com/p/Magic-Chef-4-5-cu-ft-2-Door-Mini-Fridge-in-Stainless-Look-with-Freezer-HMDR450SE/305026385", "average_rating": "4.5", "product_number": "305026385"}