{"score": 3, "title": "A couple caveats: difficult to get freezer to zero and...", "body": "A couple caveats: difficult to get freezer to zero and refrigerator temp bet. 40 & 37\u00b0F with single temp control knob in fridge (vs. Separate control for freezer). Also drawer so small little fits inside, and door space doesn't accommodate upright larger bottles or cartons.", "review_link": "https://www.homedepot.com/p/reviews/Magic-Chef-4-5-cu-ft-2-Door-Mini-Fridge-in-Stainless-Look-with-Freezer-HMDR450SE/305026385/", "product_link": "https://www.homedepot.com/p/Magic-Chef-4-5-cu-ft-2-Door-Mini-Fridge-in-Stainless-Look-with-Freezer-HMDR450SE/305026385", "average_rating": "4.5", "product_number": "305026385"}