{"score": 4, "title": "The temp control is very touchy. It's either freezing everything...", "body": "The temp control is very touchy. It's either freezing everything in fridge and freezer or hardly cool and the freezer melts between level 6 and 7 (highest)", "review_link": "https://www.homedepot.com/p/reviews/Magic-Chef-4-5-cu-ft-2-Door-Mini-Fridge-in-Stainless-Look-with-Freezer-HMDR450SE/305026385/", "product_link": "https://www.homedepot.com/p/Magic-Chef-4-5-cu-ft-2-Door-Mini-Fridge-in-Stainless-Look-with-Freezer-HMDR450SE/305026385", "average_rating": "4.5", "product_number": "305026385"}