{"score": 5, "title": "This small and tidy microwave carts only does the job....", "body": "This small and tidy microwave carts only does the job. Looks great on the counter and has been a reliable tool in our kitchen.", "review_link": "https://www.homedepot.com/p/reviews/Magic-Chef-0-7-cu-ft-Countertop-Microwave-in-Black-with-Gray-Cavity-HMM770B/305708068/", "product_link": "https://www.homedepot.com/p/Magic-Chef-0-7-cu-ft-Countertop-Microwave-in-Black-with-Gray-Cavity-HMM770B/305708068", "average_rating": "4.3", "product_number": "305708068"}