{"score": 2, "title": "Honestly I got this because I needed a small one...", "body": "Honestly I got this because I needed a small one for a small place and it takes double the time to heat up my food then a normal size microwave. I also must\u2019ve gotten a defected one because I can see the light shine through the upper right corner. Other than that it heats up small things very well", "review_link": "https://www.homedepot.com/p/reviews/Magic-Chef-0-7-cu-ft-Countertop-Microwave-in-Black-with-Gray-Cavity-HMM770B/305708068/", "product_link": "https://www.homedepot.com/p/Magic-Chef-0-7-cu-ft-Countertop-Microwave-in-Black-with-Gray-Cavity-HMM770B/305708068", "average_rating": "4.3", "product_number": "305708068"}