{"score": 4, "title": "Need to find refrigerator with matching finish", "body": "Please advise on which counter-depth models of refrigerators have a matching stainless steel finish to this oven in stainless.", "review_link": "https://www.homedepot.com/p/reviews/Frigidaire-24-in-Single-Gas-Wall-Oven-in-Stainless-Steel-FFGW2426US/306065234/", "product_link": "https://www.homedepot.com/p/Frigidaire-24-in-Single-Gas-Wall-Oven-in-Stainless-Steel-FFGW2426US/306065234", "average_rating": "4.4", "product_number": "306065234"}