{"score": 5, "title": "Perfect Fit", "body": "The wall oven we got fit perfectly into available space and looks great. Oven display very easy to read and understand. Plus inside is bigger than previous oven. Love it!", "review_link": "https://www.homedepot.com/p/reviews/Frigidaire-24-in-Single-Gas-Wall-Oven-in-Stainless-Steel-FFGW2426US/306065234/", "product_link": "https://www.homedepot.com/p/Frigidaire-24-in-Single-Gas-Wall-Oven-in-Stainless-Steel-FFGW2426US/306065234", "average_rating": "4.4", "product_number": "306065234"}