{"score": 4, "title": "", "body": "We are really happy with our Frigidaire Wall Oven. This was the only unit on the market that would accommodate a smaller built-in location in our 1960\u2019s home. The sleek stainless steel makes it feel like a genuine upgrade!", "review_link": "https://www.homedepot.com/p/reviews/Frigidaire-24-in-Single-Gas-Wall-Oven-in-Stainless-Steel-FFGW2426US/306065234/", "product_link": "https://www.homedepot.com/p/Frigidaire-24-in-Single-Gas-Wall-Oven-in-Stainless-Steel-FFGW2426US/306065234", "average_rating": "4.4", "product_number": "306065234"}