{"score": 4, "title": "Fit old Tappan size & gas pipe location", "body": "Its dimension & location of the gas pipe connection fit the old oven size & connection location. Installation is quite easy once the delivery men placed it on a metal bench in front of the cabinet & I extended its height using metal plates given.", "review_link": "https://www.homedepot.com/p/reviews/Frigidaire-24-in-Single-Gas-Wall-Oven-in-Stainless-Steel-FFGW2426US/306065234/", "product_link": "https://www.homedepot.com/p/Frigidaire-24-in-Single-Gas-Wall-Oven-in-Stainless-Steel-FFGW2426US/306065234", "average_rating": "4.4", "product_number": "306065234"}