{"score": 5, "title": "So many features!!!!", "body": "I haven\u2019t had a chance to try out all the features on my new wall oven microwave combo yet but so far, I\u2019m in love!! It is so pretty and it has cooked everything I have made perfectly. I can\u2019t wait to bake some of my famous oatmeal cream pies in it!! I would definitely recommend this product!", "review_link": "https://www.homedepot.com/p/reviews/LG-Electronics-30-in-Electric-Convection-and-EasyClean-Wall-Oven-with-Built-In-Microwave-in-Stainless-Steel-LWC3063ST/306529063/", "product_link": "https://www.homedepot.com/p/LG-Electronics-30-in-Electric-Convection-and-EasyClean-Wall-Oven-with-Built-In-Microwave-in-Stainless-Steel-LWC3063ST/306529063", "average_rating": "4.4", "product_number": "306529063"}