{"score": 5, "title": "Great product! Stylish and efficient", "body": "I recently redid my kitchen. I read great reviews about this product, and so far I am completely in love.", "review_link": "https://www.homedepot.com/p/reviews/LG-Electronics-30-in-Electric-Convection-and-EasyClean-Wall-Oven-with-Built-In-Microwave-in-Stainless-Steel-LWC3063ST/306529063/", "product_link": "https://www.homedepot.com/p/LG-Electronics-30-in-Electric-Convection-and-EasyClean-Wall-Oven-with-Built-In-Microwave-in-Stainless-Steel-LWC3063ST/306529063", "average_rating": "4.4", "product_number": "306529063"}