{"score": 4, "title": "Great Oven but Repair Issues", "body": "I bought this oven over one month ago. Since the installation, the off button for the oven never worked. I have been trying to get it repaired for over a month and while some headway is being made, you still cannot turn off the oven! It's a wonderful over...just can't seen to get it repaired even though it is brand new!", "review_link": "https://www.homedepot.com/p/reviews/LG-Electronics-30-in-Electric-Convection-and-EasyClean-Wall-Oven-with-Built-In-Microwave-in-Stainless-Steel-LWC3063ST/306529063/", "product_link": "https://www.homedepot.com/p/LG-Electronics-30-in-Electric-Convection-and-EasyClean-Wall-Oven-with-Built-In-Microwave-in-Stainless-Steel-LWC3063ST/306529063", "average_rating": "4.4", "product_number": "306529063"}