{"score": 4, "title": "Great features, still learning the options", "body": "Am overall very happy with the appliance, however, having issues with microwave turntable", "review_link": "https://www.homedepot.com/p/reviews/LG-Electronics-30-in-Electric-Convection-and-EasyClean-Wall-Oven-with-Built-In-Microwave-in-Stainless-Steel-LWC3063ST/306529063/", "product_link": "https://www.homedepot.com/p/LG-Electronics-30-in-Electric-Convection-and-EasyClean-Wall-Oven-with-Built-In-Microwave-in-Stainless-Steel-LWC3063ST/306529063", "average_rating": "4.4", "product_number": "306529063"}