{"score": 1, "title": "The door mechanism is extremely sensitive and stopped working after...", "body": "The door mechanism is extremely sensitive and stopped working after only three weeks. The unit is loud when opening and closing, and at this price it should be very quiet.", "review_link": "https://www.homedepot.com/p/reviews/ZLINE-Kitchen-and-Bath-24-1-2-cu-ft-Built-in-Microwave-Drawer-in-Stainless-Steel-MWD-1/307395088/", "product_link": "https://www.homedepot.com/p/ZLINE-Kitchen-and-Bath-24-1-2-cu-ft-Built-in-Microwave-Drawer-in-Stainless-Steel-MWD-1/307395088", "average_rating": "4.5", "product_number": "307395088"}