{"score": 4, "title": "Microwave/Convection Oven", "body": "Beautifully made. Provides multiple cooking methods. Taking us a little time to figure out exactly how to work both the convection oven and microwave.", "review_link": "https://www.homedepot.com/p/reviews/ZLINE-Kitchen-and-Bath-24-1-2-cu-ft-Built-in-Microwave-Drawer-in-Stainless-Steel-MWD-1/307395088/", "product_link": "https://www.homedepot.com/p/ZLINE-Kitchen-and-Bath-24-1-2-cu-ft-Built-in-Microwave-Drawer-in-Stainless-Steel-MWD-1/307395088", "average_rating": "4.5", "product_number": "307395088"}