{"score": 5, "title": "Great product", "body": "We bought this for our new house and it worked great. After about 6/7 months of use it stopped heating, I call customer service and they were great had me check some things out and send a video, within two weeks they sent a brand new replacement! Couldn\u2019t be happier", "review_link": "https://www.homedepot.com/p/reviews/ZLINE-Kitchen-and-Bath-24-1-2-cu-ft-Built-in-Microwave-Drawer-in-Stainless-Steel-MWD-1/307395088/", "product_link": "https://www.homedepot.com/p/ZLINE-Kitchen-and-Bath-24-1-2-cu-ft-Built-in-Microwave-Drawer-in-Stainless-Steel-MWD-1/307395088", "average_rating": "4.5", "product_number": "307395088"}