{"score": 5, "title": "It has to be very good! This is like $700...", "body": "It has to be very good! This is like $700 microwave!!! I had to buy this because where i needed to put this. My old microwave was built in so i have to buy the exact same size so it will fit perfectly.", "review_link": "https://www.homedepot.com/p/reviews/Frigidaire-2-2-cu-ft-Built-In-Microwave-in-Stainless-Steel-FGMO226NUF/307587840/", "product_link": "https://www.homedepot.com/p/Frigidaire-2-2-cu-ft-Built-In-Microwave-in-Stainless-Steel-FGMO226NUF/307587840", "average_rating": "4.4", "product_number": "307587840"}