{"score": 5, "title": "Very attractive well designed", "body": "Bought this a month ago for our new kitchen and it looks fantastic. A bit expensive but all built in microwaves seem to be.", "review_link": "https://www.homedepot.com/p/reviews/FRIGIDAIRE-GALLERY-1-6-cu-ft-Built-in-Microwave-in-Stainless-Steel-with-Drop-Down-Door-FGMO3067UF/307747316/", "product_link": "https://www.homedepot.com/p/FRIGIDAIRE-GALLERY-1-6-cu-ft-Built-in-Microwave-in-Stainless-Steel-with-Drop-Down-Door-FGMO3067UF/307747316", "average_rating": "4", "product_number": "307747316"}