{"score": 5, "title": "Great features", "body": "We bought this after our 3rd built in microwave died. We looked for a model meant to be put above a built in oven. So far so good.", "review_link": "https://www.homedepot.com/p/reviews/FRIGIDAIRE-GALLERY-1-6-cu-ft-Built-in-Microwave-in-Stainless-Steel-with-Drop-Down-Door-FGMO3067UF/307747316/", "product_link": "https://www.homedepot.com/p/FRIGIDAIRE-GALLERY-1-6-cu-ft-Built-in-Microwave-in-Stainless-Steel-with-Drop-Down-Door-FGMO3067UF/307747316", "average_rating": "4", "product_number": "307747316"}