{"score": 5, "title": "Love it", "body": "I've only had it for 3 days. Catching up on laundry. Like the features. I like not using the sensor for filling. Especially like the second spin option.", "review_link": "https://www.homedepot.com/p/reviews/GE-4-5-cu-ft-High-Efficiency-White-Top-Load-Washing-Machine-with-Stainless-Steel-Basket-GTW465ASNWW/308653940/", "product_link": "https://www.homedepot.com/p/GE-4-5-cu-ft-High-Efficiency-White-Top-Load-Washing-Machine-with-Stainless-Steel-Basket-GTW465ASNWW/308653940", "average_rating": "4.4", "product_number": "308653940"}