{"score": 5, "title": "Great washer for the price", "body": "We have only had the washer for a few days but so far so good. It is not as noisy as some have said but it is not silent either. Does the job and is a great value", "review_link": "https://www.homedepot.com/p/reviews/GE-4-2-cu-ft-White-Top-Load-Washing-Machine-with-Stainless-Steel-Basket-GTW335ASNWW/308653937/", "product_link": "https://www.homedepot.com/p/GE-4-2-cu-ft-White-Top-Load-Washing-Machine-with-Stainless-Steel-Basket-GTW335ASNWW/308653937", "average_rating": "4.4", "product_number": "308653937"}