{"score": 5, "title": "i purchased this for my father and so far it...", "body": "i purchased this for my father and so far it has worked out very nicely.", "review_link": "https://www.homedepot.com/p/reviews/GE-4-2-cu-ft-White-Top-Load-Washing-Machine-with-Stainless-Steel-Basket-GTW335ASNWW/308653937/", "product_link": "https://www.homedepot.com/p/GE-4-2-cu-ft-White-Top-Load-Washing-Machine-with-Stainless-Steel-Basket-GTW335ASNWW/308653937", "average_rating": "4.4", "product_number": "308653937"}