{"score": 1, "title": "Not impressed", "body": "For the entire 2 years I\u2019ve owned this machine it\u2019s never been a confidence inspiring purchase. It\u2019s been used like any other top loading machine but it\u2019s so sensitive and quirky and very often need to run down the stairs to attend to it. Other than the stainless steel drum I don\u2019t see a positive and the fact it quit under 2 years old is a deal breaker.", "review_link": "https://www.homedepot.com/p/reviews/GE-4-2-cu-ft-White-Top-Load-Washing-Machine-with-Stainless-Steel-Basket-GTW335ASNWW/308653937/", "product_link": "https://www.homedepot.com/p/GE-4-2-cu-ft-White-Top-Load-Washing-Machine-with-Stainless-Steel-Basket-GTW335ASNWW/308653937", "average_rating": "4.4", "product_number": "308653937"}