{"score": 5, "title": "Best washer I have owned!", "body": "I found this washer at a local appliance dealer after having no luck with the big stores and I am happy as heck to have found this machine. I have had ones with all the bells and whistles and they didn\u2019t get my clothes as clean as this machine has. She isn\u2019t your basic machine, but she isn\u2019t the high end either, but she definitely gets the job done great and runs quietly to boot!!", "review_link": "https://www.homedepot.com/p/reviews/GE-4-5-cu-ft-High-Efficiency-White-Top-Load-Washing-Machine-with-Stainless-Steel-Basket-GTW465ASNWW/308653940/", "product_link": "https://www.homedepot.com/p/GE-4-5-cu-ft-High-Efficiency-White-Top-Load-Washing-Machine-with-Stainless-Steel-Basket-GTW465ASNWW/308653940", "average_rating": "4.4", "product_number": "308653940"}