{"score": 5, "title": "Works and performs great", "body": "I\u2019m very happy with my purchase. Easy to use and performs great", "review_link": "https://www.homedepot.com/p/reviews/GE-4-5-cu-ft-High-Efficiency-White-Top-Load-Washing-Machine-with-Stainless-Steel-Basket-GTW465ASNWW/308653940/", "product_link": "https://www.homedepot.com/p/GE-4-5-cu-ft-High-Efficiency-White-Top-Load-Washing-Machine-with-Stainless-Steel-Basket-GTW465ASNWW/308653940", "average_rating": "4.4", "product_number": "308653940"}