{"score": 5, "title": "Have purchased two", "body": "Absolutely love this machine that I've purchased 2. My mother's finally kicked the bucket so I passed mine to her (it was less than 2 yrs old) & I replaced it with the exact same model.", "review_link": "https://www.homedepot.com/p/reviews/GE-4-5-cu-ft-High-Efficiency-White-Top-Load-Washing-Machine-with-Stainless-Steel-Basket-GTW465ASNWW/308653940/", "product_link": "https://www.homedepot.com/p/GE-4-5-cu-ft-High-Efficiency-White-Top-Load-Washing-Machine-with-Stainless-Steel-Basket-GTW465ASNWW/308653940", "average_rating": "4.4", "product_number": "308653940"}