{"score": 5, "title": "So many different features", "body": "I absolutely love this dryer!!!! It is the best purchase I have made!!!!!", "review_link": "https://www.homedepot.com/p/reviews/LG-Electronics-7-3-cu-ft-Ultra-Large-Graphite-Steel-Smart-Electric-Vented-Dryer-with-EasyLoad-Door-and-Sensor-Dry-ENERGY-STAR-DLE7300VE/308716454/", "product_link": "https://www.homedepot.com/p/LG-Electronics-7-3-cu-ft-Ultra-Large-Graphite-Steel-Smart-Electric-Vented-Dryer-with-EasyLoad-Door-and-Sensor-Dry-ENERGY-STAR-DLE7300VE/308716454", "average_rating": "4.6", "product_number": "308716454"}