{"score": 1, "title": "Definitely a lemon", "body": "Recently the ice maker stopped making cubed ice, then it started freezing up. Shortly after that the freezer and drink drawer started getting warm. Now neither cool at all. Unfortunately, now the actual fridge part is getting warm. Don't buy!", "review_link": "https://www.homedepot.com/p/reviews/Samsung-28-cu-ft-4-Door-French-Door-Refrigerator-in-Fingerprint-Resistant-Stainless-Steel-RF28R7201SR/308743988/", "product_link": "https://www.homedepot.com/p/Samsung-28-cu-ft-4-Door-French-Door-Refrigerator-in-Fingerprint-Resistant-Stainless-Steel-RF28R7201SR/308743988", "average_rating": "4.2", "product_number": "308743988"}