{"score": 1, "title": "Lemon", "body": "This refrigerator was good until it wasnt. Lasted 6 yrs paid over 2000 for it. Dont waste your money or time on this dud", "review_link": "https://www.homedepot.com/p/reviews/Samsung-28-cu-ft-4-Door-French-Door-Refrigerator-in-Fingerprint-Resistant-Stainless-Steel-RF28R7201SR/308743988/", "product_link": "https://www.homedepot.com/p/Samsung-28-cu-ft-4-Door-French-Door-Refrigerator-in-Fingerprint-Resistant-Stainless-Steel-RF28R7201SR/308743988", "average_rating": "4.2", "product_number": "308743988"}