{"score": 5, "title": "Great Machine with Great Features", "body": "We bought this just over a month ago and am so pleased with our choice. This machine connects to your Wi-Fi and can signal you through an app when a load is done. If you have an LG TV with IoT, you get notifications on your TV too! It also sends monthly usage reports and tells you if you need to clean it out. It handles big loads with ease. Amazing how well it works. It's fantastic!", "review_link": "https://www.homedepot.com/p/reviews/LG-Electronics-7-3-cu-ft-Ultra-Large-Graphite-Steel-Smart-Electric-Vented-Dryer-with-EasyLoad-Door-and-Sensor-Dry-ENERGY-STAR-DLE7300VE/308716454/", "product_link": "https://www.homedepot.com/p/LG-Electronics-7-3-cu-ft-Ultra-Large-Graphite-Steel-Smart-Electric-Vented-Dryer-with-EasyLoad-Door-and-Sensor-Dry-ENERGY-STAR-DLE7300VE/308716454", "average_rating": "4.6", "product_number": "308716454"}