{"score": 5, "title": "Excellent, efficient & HUGE dryer.", "body": "I'm extremely pleased with my new LG DLE7300WE dryer. It does an excellent job of drying the clothes in a short amount of time. The capacity of this dryer is the largest of any dryer I've ever owned. One of the best features is the \"Hamper Door\". Clothes don't fall on the floor when loading. It can also be opened from the side if desired. I also appreciate that my clothes don't get tangled, especially sheets. They tumble nicely and stay separate. I highly recommend this dryer.", "review_link": "https://www.homedepot.com/p/reviews/LG-Electronics-7-3-cu-ft-Ultra-Large-Graphite-Steel-Smart-Electric-Vented-Dryer-with-EasyLoad-Door-and-Sensor-Dry-ENERGY-STAR-DLE7300VE/308716454/", "product_link": "https://www.homedepot.com/p/LG-Electronics-7-3-cu-ft-Ultra-Large-Graphite-Steel-Smart-Electric-Vented-Dryer-with-EasyLoad-Door-and-Sensor-Dry-ENERGY-STAR-DLE7300VE/308716454", "average_rating": "4.6", "product_number": "308716454"}