{"score": 5, "title": "Love the new Range", "body": "Love the features. The dual ovens both pre heat really quickly and allow us to cook multiple items at different temps. The SmartHQ app works well and allows us to control from anywhere. Looking forward to trying the air fry mode. Very happy with our new appliances!", "review_link": "https://www.homedepot.com/p/reviews/Cafe-30-in-7-0-cu-ft-Smart-Slide-In-Double-Oven-Gas-Range-with-Self-Cleaning-and-Lower-Convection-Oven-in-Stainless-Steel-CGS750P2MS1/308803543/", "product_link": "https://www.homedepot.com/p/Cafe-30-in-7-0-cu-ft-Smart-Slide-In-Double-Oven-Gas-Range-with-Self-Cleaning-and-Lower-Convection-Oven-in-Stainless-Steel-CGS750P2MS1/308803543", "average_rating": "4.6", "product_number": "308803543"}