{"score": 5, "title": "Excellent product!", "body": "Installed 5 days before Christmas and put to the test both Christmas Eve and Christmas. Both ovens used simultaneously with excellent results. Cook top works excellent as well. Great look in matte white with brushed copper handles and knobs.", "review_link": "https://www.homedepot.com/p/reviews/Cafe-30-in-7-0-cu-ft-Smart-Slide-In-Double-Oven-Gas-Range-with-Self-Cleaning-and-Lower-Convection-Oven-in-Stainless-Steel-CGS750P2MS1/308803543/", "product_link": "https://www.homedepot.com/p/Cafe-30-in-7-0-cu-ft-Smart-Slide-In-Double-Oven-Gas-Range-with-Self-Cleaning-and-Lower-Convection-Oven-in-Stainless-Steel-CGS750P2MS1/308803543", "average_rating": "4.6", "product_number": "308803543"}