{"score": 4, "title": "Good range, nice looks", "body": "So far, it's an improvement from the earlier model.", "review_link": "https://www.homedepot.com/p/reviews/Cafe-30-in-7-0-cu-ft-Smart-Slide-In-Double-Oven-Gas-Range-with-Self-Cleaning-and-Lower-Convection-Oven-in-Stainless-Steel-CGS750P2MS1/308803543/", "product_link": "https://www.homedepot.com/p/Cafe-30-in-7-0-cu-ft-Smart-Slide-In-Double-Oven-Gas-Range-with-Self-Cleaning-and-Lower-Convection-Oven-in-Stainless-Steel-CGS750P2MS1/308803543", "average_rating": "4.6", "product_number": "308803543"}