{"score": 5, "title": "Freaking awesome!", "body": "I\u2019d been dreaming of getting into my new place and then having my new Cafe appliances delivered was the icing on the cake! I celebrated with champagne. I\u2019m in love!", "review_link": "https://www.homedepot.com/p/reviews/Cafe-30-in-7-0-cu-ft-Smart-Slide-In-Double-Oven-Gas-Range-with-Self-Cleaning-and-Lower-Convection-Oven-in-Stainless-Steel-CGS750P2MS1/308803543/", "product_link": "https://www.homedepot.com/p/Cafe-30-in-7-0-cu-ft-Smart-Slide-In-Double-Oven-Gas-Range-with-Self-Cleaning-and-Lower-Convection-Oven-in-Stainless-Steel-CGS750P2MS1/308803543", "average_rating": "4.6", "product_number": "308803543"}