{"score": 1, "title": "Don't buy this model", "body": "The lint filter design is horrible and spews chunks of lint all over my porch. The dryer door only opens about 90 degrees, blocking me from walking past the door. The sloped angle of the dryer top is useless, everything just slides off onto the floor.", "review_link": "https://www.homedepot.com/p/reviews/Samsung-7-4-cu-ft-White-Electric-Dryer-with-Sensor-Dry-DVE50R5200W/309171907/", "product_link": "https://www.homedepot.com/p/Samsung-7-4-cu-ft-White-Electric-Dryer-with-Sensor-Dry-DVE50R5200W/309171907", "average_rating": "4.5", "product_number": "309171907"}