{"score": 5, "title": "Best Dryer Ever", "body": "I absolutely love this dryer. It dries the clothes very fast and efficient. I love how you can clean the lint easy and how you can change the settings very easy. You won't regret getting this dryer.", "review_link": "https://www.homedepot.com/p/reviews/Samsung-7-4-cu-ft-White-Electric-Dryer-with-Sensor-Dry-DVE50R5200W/309171907/", "product_link": "https://www.homedepot.com/p/Samsung-7-4-cu-ft-White-Electric-Dryer-with-Sensor-Dry-DVE50R5200W/309171907", "average_rating": "4.5", "product_number": "309171907"}