{"score": 1, "title": "Horrific track record with appliances continues!", "body": "Samsung's horrific track record with appliances continues with their dryers. This review is for a slightly older model, but I'm writing it here to warn people before they get themselves into a Samsung . The dryers are horribly designed, with multiple points of failure within 3-5 years being very common. Drum integrity failures, heating element failures, or (as in my case) failures of the rollers and idler within 4 years. For the price you pay, these are absolute garbage.", "review_link": "https://www.homedepot.com/p/reviews/Samsung-7-4-cu-ft-White-Electric-Dryer-with-Sensor-Dry-DVE50R5200W/309171907/", "product_link": "https://www.homedepot.com/p/Samsung-7-4-cu-ft-White-Electric-Dryer-with-Sensor-Dry-DVE50R5200W/309171907", "average_rating": "4.5", "product_number": "309171907"}