{"score": 5, "title": "excellent customer service", "body": "I bought this washer 2 months ago and it is the most cost efficient and the features on it are amazing. I have shown this washer to my relatives and friends and they want one also. Its features are great.", "review_link": "https://www.homedepot.com/p/reviews/Samsung-5-0-cu-ft-Hi-Efficiency-White-Top-Load-Washing-Machine-with-Active-Water-Jet-ENERGY-STAR-WA50R5200AW/309171868/", "product_link": "https://www.homedepot.com/p/Samsung-5-0-cu-ft-Hi-Efficiency-White-Top-Load-Washing-Machine-with-Active-Water-Jet-ENERGY-STAR-WA50R5200AW/309171868", "average_rating": "4.4", "product_number": "309171868"}