{"score": 5, "title": "Great Expectations", "body": "Shopping around when I needed a new washer, was impressed by the features of this washer. Already owning Samsung phones, watch and TV, I had a high expectation of how this washer would perform. I was not disappointed. Ease of use, the cleanliness of the items we have washed, and the high capacity of the drum are the top three reasons for the five-star rating.", "review_link": "https://www.homedepot.com/p/reviews/Samsung-7-4-cu-ft-White-Electric-Dryer-with-Sensor-Dry-DVE50R5200W/309171907/", "product_link": "https://www.homedepot.com/p/Samsung-7-4-cu-ft-White-Electric-Dryer-with-Sensor-Dry-DVE50R5200W/309171907", "average_rating": "4.5", "product_number": "309171907"}