{"score": 5, "title": "Amazing", "body": "I bought this washer and the matching dryer because we are upgrading all of our major appliances to Samsung. I bought this specific model for the size and features. It definitely didn't disappoint. It took some getting used to using s tray for the detergent and not using so much detergent opposed to the old top load washer we had, but I would 10/10 buy again. My favorite feature is probably the active wash jet.", "review_link": "https://www.homedepot.com/p/reviews/Samsung-7-4-cu-ft-White-Electric-Dryer-with-Sensor-Dry-DVE50R5200W/309171907/", "product_link": "https://www.homedepot.com/p/Samsung-7-4-cu-ft-White-Electric-Dryer-with-Sensor-Dry-DVE50R5200W/309171907", "average_rating": "4.5", "product_number": "309171907"}