{"score": 5, "title": "GREAT PRODUCT", "body": "I love my washer. I can wash big loads with comforters or small loads. It has so many settings too to choose from. I have been 100% satisfied with it.", "review_link": "https://www.homedepot.com/p/reviews/Samsung-5-0-cu-ft-Hi-Efficiency-White-Top-Load-Washing-Machine-with-Active-Water-Jet-ENERGY-STAR-WA50R5200AW/309171868/", "product_link": "https://www.homedepot.com/p/Samsung-5-0-cu-ft-Hi-Efficiency-White-Top-Load-Washing-Machine-with-Active-Water-Jet-ENERGY-STAR-WA50R5200AW/309171868", "average_rating": "4.4", "product_number": "309171868"}