{"score": 5, "title": "So easy to use . Control are simple and efficient", "body": "We have five people and a toddler at home and it really get a good workout and does not fail to please.", "review_link": "https://www.homedepot.com/p/reviews/Samsung-5-0-cu-ft-Hi-Efficiency-White-Top-Load-Washing-Machine-with-Active-Water-Jet-ENERGY-STAR-WA50R5200AW/309171868/", "product_link": "https://www.homedepot.com/p/Samsung-5-0-cu-ft-Hi-Efficiency-White-Top-Load-Washing-Machine-with-Active-Water-Jet-ENERGY-STAR-WA50R5200AW/309171868", "average_rating": "4.4", "product_number": "309171868"}