{"score": 5, "title": "So easy to use . Control are simple and efficient", "body": "We have five people and a toddler at home and it really get a good workout and does not fail to please.", "review_link": "https://www.homedepot.com/p/reviews/Samsung-7-4-cu-ft-White-Electric-Dryer-with-Sensor-Dry-DVE50R5200W/309171907/", "product_link": "https://www.homedepot.com/p/Samsung-7-4-cu-ft-White-Electric-Dryer-with-Sensor-Dry-DVE50R5200W/309171907", "average_rating": "4.5", "product_number": "309171907"}