{"score": 1, "title": "After one cycle, our new washer wouldn\u2019t work. Wouldn\u2019t fill...", "body": "After one cycle, our new washer wouldn\u2019t work. Wouldn\u2019t fill or agitate. I did the troubleshooting and called Samsung\u2019s help line to troubleshoot over video chat to be sure I was trying everything. Ultimately they couldn\u2019t figure it out and told me that because they do rigorous testing before sending out, it must have been on the installers. I called Home depot and they sent out a Samsung repair person come out to look. The repair person has to order a new part, takes one week, and is uncertain if this will fix the problem. Now I\u2019m 3 weeks into owning this new washer, used it once, and unsure if the repair person will be able to fix it tomorrow. I don\u2019t feel like either party, Samsung or Home Depot, has handled this transaction in a way that I will be purchasing a product from either of them in the future.", "review_link": "https://www.homedepot.com/p/reviews/Samsung-5-0-cu-ft-Hi-Efficiency-White-Top-Load-Washing-Machine-with-Active-Water-Jet-ENERGY-STAR-WA50R5200AW/309171868/", "product_link": "https://www.homedepot.com/p/Samsung-5-0-cu-ft-Hi-Efficiency-White-Top-Load-Washing-Machine-with-Active-Water-Jet-ENERGY-STAR-WA50R5200AW/309171868", "average_rating": "4.4", "product_number": "309171868"}