{"score": 5, "title": "Ease of Use", "body": "We love the ease of use that our Frigidaire over-the-range microwave provides! With just the touch of a number, our microwave is set to heat and starts automatically. The use of the additional features like defrosting and popcorn have also been easy to use and self-explanatory. Would definitely recommend this product!", "review_link": "https://www.homedepot.com/p/reviews/FRIGIDAIRE-GALLERY-1-7-cu-Ft-Over-the-Range-Microwave-in-Smudge-Proof-Stainless-Steel-with-Sensor-Cooking-Technology-FGMV17WNVF/309777316/", "product_link": "https://www.homedepot.com/p/FRIGIDAIRE-GALLERY-1-7-cu-Ft-Over-the-Range-Microwave-in-Smudge-Proof-Stainless-Steel-with-Sensor-Cooking-Technology-FGMV17WNVF/309777316", "average_rating": "4.6", "product_number": "309777316"}