{"score": 4, "title": "Microwave installed by builder", "body": "It works fine. Buttons are a little hard to push. No button to heat potatoes. Standard microwave, nothing fancy.", "review_link": "https://www.homedepot.com/p/reviews/FRIGIDAIRE-GALLERY-1-7-cu-Ft-Over-the-Range-Microwave-in-Smudge-Proof-Stainless-Steel-with-Sensor-Cooking-Technology-FGMV17WNVF/309777316/", "product_link": "https://www.homedepot.com/p/FRIGIDAIRE-GALLERY-1-7-cu-Ft-Over-the-Range-Microwave-in-Smudge-Proof-Stainless-Steel-with-Sensor-Cooking-Technology-FGMV17WNVF/309777316", "average_rating": "4.6", "product_number": "309777316"}