{"score": 5, "title": "Great microwave!", "body": "This microwave has a lot of smart and useful shortcuts. I love the smart defrost and reheat functions as food items don't get defrosted or cooked improperly. The above the range lights are actually useful and bright. I'm very impressed with this microwave.", "review_link": "https://www.homedepot.com/p/reviews/FRIGIDAIRE-GALLERY-1-7-cu-Ft-Over-the-Range-Microwave-in-Smudge-Proof-Stainless-Steel-with-Sensor-Cooking-Technology-FGMV17WNVF/309777316/", "product_link": "https://www.homedepot.com/p/FRIGIDAIRE-GALLERY-1-7-cu-Ft-Over-the-Range-Microwave-in-Smudge-Proof-Stainless-Steel-with-Sensor-Cooking-Technology-FGMV17WNVF/309777316", "average_rating": "4.6", "product_number": "309777316"}