{"score": 5, "title": "Kudos to the manufacturer for such an amazing job.", "body": "We got our microwave drawer a week ago, and as soon as it was ready for use, we tested it by boiling water. They weren't kidding when they told us it can boil water for less than 1 minute. It also has all the modes I needed--defrost, popcorn, and beverage heating. I will never have to risk putting some of my food inside my range. This microwave drawer is really something. Kudos to the manufacturer and the store for such an amazing job.", "review_link": "https://www.homedepot.com/p/reviews/ZLINE-Kitchen-and-Bath-24-1-2-cu-ft-Built-in-Microwave-Drawer-in-Black-Stainless-Steel-MWD-1-BS/310388930/", "product_link": "https://www.homedepot.com/p/ZLINE-Kitchen-and-Bath-24-1-2-cu-ft-Built-in-Microwave-Drawer-in-Black-Stainless-Steel-MWD-1-BS/310388930", "average_rating": "4.5", "product_number": "310388930"}