{"score": 5, "title": "This is the perfect sized \u201csecond refrigerator\u201d to hold cold...", "body": "This is the perfect sized \u201csecond refrigerator\u201d to hold cold drinks, and the occasional overflow of food for holiday meals, luau and leftovers.", "review_link": "https://www.homedepot.com/p/reviews/Frigidaire-13-9-cu-ft-Top-Freezer-Refrigerator-in-Brushed-Steel-ENERGY-STAR-FFHT1425VV/310378589/", "product_link": "https://www.homedepot.com/p/Frigidaire-13-9-cu-ft-Top-Freezer-Refrigerator-in-Brushed-Steel-ENERGY-STAR-FFHT1425VV/310378589", "average_rating": "4.5", "product_number": "310378589"}