{"score": 4, "title": "Refrigerator review", "body": "I have only had the Refrigerator about 3 weeks but so far am satisfied with it. It could have a additional door shelf the two just seem to not be enough storage in the door. Freezer is working fine, Overall I am happy with it. A little tight fit bur it went in the space with no problem.", "review_link": "https://www.homedepot.com/p/reviews/Frigidaire-13-9-cu-ft-Top-Freezer-Refrigerator-in-Brushed-Steel-ENERGY-STAR-FFHT1425VV/310378589/", "product_link": "https://www.homedepot.com/p/Frigidaire-13-9-cu-ft-Top-Freezer-Refrigerator-in-Brushed-Steel-ENERGY-STAR-FFHT1425VV/310378589", "average_rating": "4.5", "product_number": "310378589"}