{"score": 5, "title": "So far so good. Just what we needed for...", "body": "So far so good. Just what we needed for garage and extra groceries, drinks etc., especially when company comes to town. Price was great too, and the ultimate determining factor. If it holds up over time, will be very pleased.", "review_link": "https://www.homedepot.com/p/reviews/Frigidaire-13-9-cu-ft-Top-Freezer-Refrigerator-in-Brushed-Steel-ENERGY-STAR-FFHT1425VV/310378589/", "product_link": "https://www.homedepot.com/p/Frigidaire-13-9-cu-ft-Top-Freezer-Refrigerator-in-Brushed-Steel-ENERGY-STAR-FFHT1425VV/310378589", "average_rating": "4.5", "product_number": "310378589"}