{"score": 5, "title": "Good value", "body": "This fridge is great value, and performs very well. We needed a smallish additional fridge and this works great. Highly recommended. Good layout and design.", "review_link": "https://www.homedepot.com/p/reviews/Frigidaire-13-9-cu-ft-Top-Freezer-Refrigerator-in-Brushed-Steel-ENERGY-STAR-FFHT1425VV/310378589/", "product_link": "https://www.homedepot.com/p/Frigidaire-13-9-cu-ft-Top-Freezer-Refrigerator-in-Brushed-Steel-ENERGY-STAR-FFHT1425VV/310378589", "average_rating": "4.5", "product_number": "310378589"}