{"score": 5, "title": "I am only guessing here that it was excellent as...", "body": "I am only guessing here that it was excellent as it was for one of my tenants and I have yet to see it. I have no complaints from him so I'm thinking it's excellent. Thank you", "review_link": "https://www.homedepot.com/p/reviews/Frigidaire-13-9-cu-ft-Top-Freezer-Refrigerator-in-Brushed-Steel-ENERGY-STAR-FFHT1425VV/310378589/", "product_link": "https://www.homedepot.com/p/Frigidaire-13-9-cu-ft-Top-Freezer-Refrigerator-in-Brushed-Steel-ENERGY-STAR-FFHT1425VV/310378589", "average_rating": "4.5", "product_number": "310378589"}