{"score": 5, "title": "Love this Samsung Refrigerator. I bought it in September, 2021....", "body": "Love this Samsung Refrigerator. I bought it in September, 2021. It is very spacious inside, in both the fridge and freezer part. I love the pull out draw in the freezer. My only complaint is the ice maker. I don't use a lot of ice, so I am having to empty the ice maker every couple of days otherwise it gets too full. Not sure if there is a way to lock the ice maker. Otherwise, I love it. I can even display my magnets from all the places I have traveled on the refrigerator. It was easy to set up and only took a couple of hours to get completely cool (at the correct temperature) for food storage. The crisper units do help to keep my veggies and fruit fresher longer than my previous refrigerator. I definitely recommend this refrigerator.", "review_link": "https://www.homedepot.com/p/reviews/Samsung-23-cu-ft-3-Door-French-Door-Refrigerator-in-Stainless-Steel-with-CoolSelect-Pantry-Counter-Depth-RF23R6201SR/310428856/", "product_link": "https://www.homedepot.com/p/Samsung-23-cu-ft-3-Door-French-Door-Refrigerator-in-Stainless-Steel-with-CoolSelect-Pantry-Counter-Depth-RF23R6201SR/310428856", "average_rating": "4.2", "product_number": "310428856"}