{"score": 2, "title": "The appliance was fine the service provider for delivery and...", "body": "The appliance was fine the service provider for delivery and installation which is subcontracted out by HD was terrible. I can recommend using their delivery or install services. Unfortunate customer!", "review_link": "https://www.homedepot.com/p/reviews/Samsung-23-cu-ft-3-Door-French-Door-Refrigerator-in-Stainless-Steel-with-CoolSelect-Pantry-Counter-Depth-RF23R6201SR/310428856/", "product_link": "https://www.homedepot.com/p/Samsung-23-cu-ft-3-Door-French-Door-Refrigerator-in-Stainless-Steel-with-CoolSelect-Pantry-Counter-Depth-RF23R6201SR/310428856", "average_rating": "4.2", "product_number": "310428856"}