{"score": 2, "title": "Samsung Fridge", "body": "Refrigerator was delivered but was missing part to secure handle bar to freezer. Contacted Samsung for service call but haven\u2019t been very successful. Without the handle, opening the freezer has been a hassle.", "review_link": "https://www.homedepot.com/p/reviews/Samsung-23-cu-ft-3-Door-French-Door-Refrigerator-in-Stainless-Steel-with-CoolSelect-Pantry-Counter-Depth-RF23R6201SR/310428856/", "product_link": "https://www.homedepot.com/p/Samsung-23-cu-ft-3-Door-French-Door-Refrigerator-in-Stainless-Steel-with-CoolSelect-Pantry-Counter-Depth-RF23R6201SR/310428856", "average_rating": "4.2", "product_number": "310428856"}