{"score": 5, "title": "Had to turn it down 2 times, it kept freezing...", "body": "Had to turn it down 2 times, it kept freezing the food! Used it to replace a fridge in a camper. Works great", "review_link": "https://www.homedepot.com/p/reviews/Magic-Chef-7-4-cu-ft-2-Door-Mini-Fridge-in-Platinum-Steel-with-Freezer-MCDR740STE/310700107/", "product_link": "https://www.homedepot.com/p/Magic-Chef-7-4-cu-ft-2-Door-Mini-Fridge-in-Platinum-Steel-with-Freezer-MCDR740STE/310700107", "average_rating": "4.4", "product_number": "310700107"}