{"score": 5, "title": "Nice Fridge", "body": "This refrigerator has been in use as a spare for 1 month & Control set on 2.9 it still maintains 35-40 degree, freezer -5 to 0. It is very quiet. It is a manual defrost and so far only has small amount of frost on the insides of the freezer.", "review_link": "https://www.homedepot.com/p/reviews/Magic-Chef-7-4-cu-ft-2-Door-Mini-Fridge-in-Black-MCDR740BE/310700103/", "product_link": "https://www.homedepot.com/p/Magic-Chef-7-4-cu-ft-2-Door-Mini-Fridge-in-Black-MCDR740BE/310700103", "average_rating": "4.4", "product_number": "310700103"}