{"score": 5, "title": "This refrigerator was purchased for a Travel Trailer. The size...", "body": "This refrigerator was purchased for a Travel Trailer. The size was great and fit in the area perfectly. Price was great!", "review_link": "https://www.homedepot.com/p/reviews/Magic-Chef-7-4-cu-ft-2-Door-Mini-Fridge-in-White-MCDR740WE/310700109/", "product_link": "https://www.homedepot.com/p/Magic-Chef-7-4-cu-ft-2-Door-Mini-Fridge-in-White-MCDR740WE/310700109", "average_rating": "4.4", "product_number": "310700109"}