{"score": 1, "title": "presidente", "body": "All I have to say Lowe\u2019s give me the appliances next business day Home Depot he delay like it was three months\ufffc", "review_link": "https://www.homedepot.com/p/reviews/LG-Electronics-30-in-W-20-2-cu-ft-Top-Freezer-Refrigerator-in-Stainless-Steel-with-Multi-Air-Flow-and-Reversible-Door-LTCS20020S/311231763/", "product_link": "https://www.homedepot.com/p/LG-Electronics-30-in-W-20-2-cu-ft-Top-Freezer-Refrigerator-in-Stainless-Steel-with-Multi-Air-Flow-and-Reversible-Door-LTCS20020S/311231763", "average_rating": "4.5", "product_number": "311231763"}