{"score": 5, "title": "Looks Great", "body": "I really like my new LG refrigerator. I it a great product.", "review_link": "https://www.homedepot.com/p/reviews/LG-Electronics-30-in-W-20-2-cu-ft-Top-Freezer-Refrigerator-in-Stainless-Steel-with-Multi-Air-Flow-and-Reversible-Door-LTCS20020S/311231763/", "product_link": "https://www.homedepot.com/p/LG-Electronics-30-in-W-20-2-cu-ft-Top-Freezer-Refrigerator-in-Stainless-Steel-with-Multi-Air-Flow-and-Reversible-Door-LTCS20020S/311231763", "average_rating": "4.5", "product_number": "311231763"}