{"score": 5, "title": "This refrigerator is awesome and at a great price", "body": "I bought this as a gift for my mom it\u2019s perfect if you don\u2019t have a water connection with plenty of room and super energy efficient it\u2019s modern with a lot of storage and designed with storage in the right locations", "review_link": "https://www.homedepot.com/p/reviews/LG-Electronics-30-in-W-20-2-cu-ft-Top-Freezer-Refrigerator-in-Stainless-Steel-with-Multi-Air-Flow-and-Reversible-Door-LTCS20020S/311231763/", "product_link": "https://www.homedepot.com/p/LG-Electronics-30-in-W-20-2-cu-ft-Top-Freezer-Refrigerator-in-Stainless-Steel-with-Multi-Air-Flow-and-Reversible-Door-LTCS20020S/311231763", "average_rating": "4.5", "product_number": "311231763"}