{"score": 5, "title": "Spacious well designed refrigerator", "body": "This refrigerator was purchased as second refrigerator to handle overflow from the kitchen refrigerator. After receiving this unit and adding food items I began to appreciate how well designed it is. The door compartments are wide enough to easily store most bottles, cans and food storage containers. Interior space is also very large and well lit, and seems to be designed for maximum space. Cooling performance is acceptable with cabinet temperatures distributed evenly. So far, very satisfied with my LG refrigerator.", "review_link": "https://www.homedepot.com/p/reviews/LG-Electronics-30-in-W-20-2-cu-ft-Top-Freezer-Refrigerator-in-Stainless-Steel-with-Multi-Air-Flow-and-Reversible-Door-LTCS20020S/311231763/", "product_link": "https://www.homedepot.com/p/LG-Electronics-30-in-W-20-2-cu-ft-Top-Freezer-Refrigerator-in-Stainless-Steel-with-Multi-Air-Flow-and-Reversible-Door-LTCS20020S/311231763", "average_rating": "4.5", "product_number": "311231763"}