{"score": 2, "title": "We are having to dry our clothes 2x no matter...", "body": "We are having to dry our clothes 2x no matter what setting we are selecting. We are setting it on Very Dry, Temp high & it is not drying good. I am not satisfied with this dryer.", "review_link": "https://www.homedepot.com/p/reviews/GE-7-4-cu-ft-240-Volt-White-Electric-Vented-Dryer-with-Sanitize-Cycle-ENERGY-STAR-GTD72EBSNWS/311324406/", "product_link": "https://www.homedepot.com/p/GE-7-4-cu-ft-240-Volt-White-Electric-Vented-Dryer-with-Sanitize-Cycle-ENERGY-STAR-GTD72EBSNWS/311324406", "average_rating": "4.5", "product_number": "311324406"}