{"score": 5, "title": "Excellent dryer", "body": "Drys better and quicker than our old appliances. It is also gentle on our clothing. Lastly it is loaded with features and runs quiet", "review_link": "https://www.homedepot.com/p/reviews/GE-7-4-cu-ft-240-Volt-White-Electric-Vented-Dryer-with-Sanitize-Cycle-ENERGY-STAR-GTD72EBSNWS/311324406/", "product_link": "https://www.homedepot.com/p/GE-7-4-cu-ft-240-Volt-White-Electric-Vented-Dryer-with-Sanitize-Cycle-ENERGY-STAR-GTD72EBSNWS/311324406", "average_rating": "4.5", "product_number": "311324406"}