{"score": 5, "title": "I Love this washer!", "body": "IT IS BIG! I have been working up to the large loads as I am not used to it. As it is so large I am doing less loads. It does seem to use less water which scared me at first but the clothes come out so clean! I have tried most of the preset settings but really appreciate they could be changed as needed. I LOVE my Washer just not my dryer. The dryer makes me miss my old one which was 10 years old. :-(", "review_link": "https://www.homedepot.com/p/reviews/GE-4-8-cu-ft-High-Efficiency-White-Top-Load-Washing-Machine-with-FlexDispense-and-Sanitize-with-Oxi-ENERGY-STAR-GTW720BSNWS/311324410/", "product_link": "https://www.homedepot.com/p/GE-4-8-cu-ft-High-Efficiency-White-Top-Load-Washing-Machine-with-FlexDispense-and-Sanitize-with-Oxi-ENERGY-STAR-GTW720BSNWS/311324410", "average_rating": "4.5", "product_number": "311324410"}