{"score": 4, "title": "Great features", "body": "I would rate this a 5 except I\u2019m not impressed with the ECO setting. It lowers the temp and takes longer to dry and in a lot of cases the clothes are still damp. Other than that it\u2019s a 5 all the way.", "review_link": "https://www.homedepot.com/p/reviews/GE-7-4-cu-ft-240-Volt-White-Electric-Vented-Dryer-with-Sanitize-Cycle-ENERGY-STAR-GTD72EBSNWS/311324406/", "product_link": "https://www.homedepot.com/p/GE-7-4-cu-ft-240-Volt-White-Electric-Vented-Dryer-with-Sanitize-Cycle-ENERGY-STAR-GTD72EBSNWS/311324406", "average_rating": "4.5", "product_number": "311324406"}