{"score": 3, "title": "Balancing Off", "body": "Wanted to like this product but every time I put in one set of sheets it becomes off balanced and then goes through a drain and balance cycle for 2-3 times which requires babysitting the machine.", "review_link": "https://www.homedepot.com/p/reviews/GE-4-8-cu-ft-High-Efficiency-White-Top-Load-Washing-Machine-with-FlexDispense-and-Sanitize-with-Oxi-ENERGY-STAR-GTW720BSNWS/311324410/", "product_link": "https://www.homedepot.com/p/GE-4-8-cu-ft-High-Efficiency-White-Top-Load-Washing-Machine-with-FlexDispense-and-Sanitize-with-Oxi-ENERGY-STAR-GTW720BSNWS/311324410", "average_rating": "4.5", "product_number": "311324410"}