{"score": 5, "title": "So excited", "body": "My washer was just delivered and I am washing my second load of clothes! I love all the features. My last washer was also a GE and it lasted 15 years with no problems until recently. I have high hopes that this washer will live up to my expectations.", "review_link": "https://www.homedepot.com/p/reviews/GE-4-8-cu-ft-High-Efficiency-White-Top-Load-Washing-Machine-with-FlexDispense-and-Sanitize-with-Oxi-ENERGY-STAR-GTW720BSNWS/311324410/", "product_link": "https://www.homedepot.com/p/GE-4-8-cu-ft-High-Efficiency-White-Top-Load-Washing-Machine-with-FlexDispense-and-Sanitize-with-Oxi-ENERGY-STAR-GTW720BSNWS/311324410", "average_rating": "4.5", "product_number": "311324410"}