{"score": 5, "title": "Great quality", "body": "We love this product smooth less noise good with clothes", "review_link": "https://www.homedepot.com/p/reviews/GE-4-8-cu-ft-High-Efficiency-White-Top-Load-Washing-Machine-with-FlexDispense-and-Sanitize-with-Oxi-ENERGY-STAR-GTW720BSNWS/311324410/", "product_link": "https://www.homedepot.com/p/GE-4-8-cu-ft-High-Efficiency-White-Top-Load-Washing-Machine-with-FlexDispense-and-Sanitize-with-Oxi-ENERGY-STAR-GTW720BSNWS/311324410", "average_rating": "4.5", "product_number": "311324410"}