{"score": 1, "title": "Stopped Working", "body": "Purchased May 16th 2021 and stopped working Jan 28th 2022, not even full year later. Was in use for half of the time since the kitchen was being remodled. Very Disappointed", "review_link": "https://www.homedepot.com/p/reviews/Samsung-30-in-1-9-cu-ft-Over-the-Range-Microwave-in-Fingerprint-Resistant-Stainless-Steel-ME19R7041FS/311444990/", "product_link": "https://www.homedepot.com/p/Samsung-30-in-1-9-cu-ft-Over-the-Range-Microwave-in-Fingerprint-Resistant-Stainless-Steel-ME19R7041FS/311444990", "average_rating": "4.2", "product_number": "311444990"}