{"score": 3, "title": "Works and is well built and all, but doesn\u2019t have...", "body": "Works and is well built and all, but doesn\u2019t have some of the same features our old one had (Armana?). No quick cook buttons (ex. Pressing the 2 would start the microwave for 2 minutes), and we can\u2019t have a timer going while using the microwave at the same time. Not end of the world stuff, but just a bit disappointing replacing an 11 year old unit (that was less expensive) and we ended up losing some features.", "review_link": "https://www.homedepot.com/p/reviews/Samsung-30-in-1-9-cu-ft-Over-the-Range-Microwave-in-Fingerprint-Resistant-Stainless-Steel-ME19R7041FS/311444990/", "product_link": "https://www.homedepot.com/p/Samsung-30-in-1-9-cu-ft-Over-the-Range-Microwave-in-Fingerprint-Resistant-Stainless-Steel-ME19R7041FS/311444990", "average_rating": "4.2", "product_number": "311444990"}