{"score": 3, "title": "Looks Great", "body": "Basic microwave. Love the looks, fingerprint free, except for glass. Reheat button overcooks the food, you have to pay attention to it.", "review_link": "https://www.homedepot.com/p/reviews/Samsung-30-in-1-9-cu-ft-Over-the-Range-Microwave-in-Fingerprint-Resistant-Stainless-Steel-ME19R7041FS/311444990/", "product_link": "https://www.homedepot.com/p/Samsung-30-in-1-9-cu-ft-Over-the-Range-Microwave-in-Fingerprint-Resistant-Stainless-Steel-ME19R7041FS/311444990", "average_rating": "4.2", "product_number": "311444990"}