{"score": 5, "title": "Great features", "body": "Easy to operate,. It has a nice finish that makes it easy to clean. It looks nice and it\u2019s quiet.", "review_link": "https://www.homedepot.com/p/reviews/Samsung-30-in-1-9-cu-ft-Over-the-Range-Microwave-in-Fingerprint-Resistant-Stainless-Steel-ME19R7041FS/311444990/", "product_link": "https://www.homedepot.com/p/Samsung-30-in-1-9-cu-ft-Over-the-Range-Microwave-in-Fingerprint-Resistant-Stainless-Steel-ME19R7041FS/311444990", "average_rating": "4.2", "product_number": "311444990"}