{"score": 4, "title": "Nice French Door Refrigerator", "body": "A nice addition to my Kitchen with some upgrades from my previous Refrigerator...Easy to reorganize...Love it... Model: LFHB2751TF", "review_link": "https://www.homedepot.com/p/reviews/Frigidaire-18-3-cu-ft-Top-Freezer-Refrigerator-in-White-FFTR1835VW/311743494/", "product_link": "https://www.homedepot.com/p/Frigidaire-18-3-cu-ft-Top-Freezer-Refrigerator-in-White-FFTR1835VW/311743494", "average_rating": "4.5", "product_number": "311743494"}