{"score": 5, "title": "fridge", "body": "The new Frigidaire refrigerator is super. It runs quietly and functions beautifully. It would have been nice to have individual controls for the freezer. There also was no guide for leveling the fridge.", "review_link": "https://www.homedepot.com/p/reviews/Frigidaire-18-3-cu-ft-Top-Freezer-Refrigerator-in-White-FFTR1835VW/311743494/", "product_link": "https://www.homedepot.com/p/Frigidaire-18-3-cu-ft-Top-Freezer-Refrigerator-in-White-FFTR1835VW/311743494", "average_rating": "4.5", "product_number": "311743494"}