{"score": 5, "title": "Love my new refrigerator! Easy to clean & organize with...", "body": "Love my new refrigerator! Easy to clean & organize with all my containers. It\u2019s very spacious & keeps all my fruits & veggies fresh.", "review_link": "https://www.homedepot.com/p/reviews/Frigidaire-18-3-cu-ft-Top-Freezer-Refrigerator-in-White-FFTR1835VW/311743494/", "product_link": "https://www.homedepot.com/p/Frigidaire-18-3-cu-ft-Top-Freezer-Refrigerator-in-White-FFTR1835VW/311743494", "average_rating": "4.5", "product_number": "311743494"}