{"score": 4, "title": "Softener drip", "body": "I gave it 4 stars, because if you forget to close the door before you put in softener, it drains and spills on the floor. The machine is very low to the ground forcing it to buy the drawer.", "review_link": "https://www.homedepot.com/p/reviews/Samsung-4-5-cu-ft-High-Efficiency-Platinum-Front-Load-Washing-Machine-with-Steam-ENERGY-STAR-WF45R6100AP/311996219/", "product_link": "https://www.homedepot.com/p/Samsung-4-5-cu-ft-High-Efficiency-Platinum-Front-Load-Washing-Machine-with-Steam-ENERGY-STAR-WF45R6100AP/311996219", "average_rating": "4.6", "product_number": "311996219"}