{"score": 5, "title": "This is by far, the best dryer we have owned....", "body": "This is by far, the best dryer we have owned. Past products Maytag, LG and whirlpool fall short to this dryer. It is quiet, efficient and even makes such pleasant musical sounds.", "review_link": "https://www.homedepot.com/p/reviews/Samsung-7-5-cu-ft-Platinum-Gas-Dryer-with-Steam-DVG45R6100P/311996349/", "product_link": "https://www.homedepot.com/p/Samsung-7-5-cu-ft-Platinum-Gas-Dryer-with-Steam-DVG45R6100P/311996349", "average_rating": "4.5", "product_number": "311996349"}