{"score": 2, "title": "We had to have the dryer replaced 3 times before...", "body": "We had to have the dryer replaced 3 times before we finally got one that worked. The first and second dryers that were delivered and installed made LOUD grinding noises whenever they were turned on. Both were identified by Samsung as factory defects. Finally, one 5 weeks after paying for the dryer, a third one was delivered that works great.", "review_link": "https://www.homedepot.com/p/reviews/Samsung-7-5-cu-ft-Platinum-Gas-Dryer-with-Steam-DVG45R6100P/311996349/", "product_link": "https://www.homedepot.com/p/Samsung-7-5-cu-ft-Platinum-Gas-Dryer-with-Steam-DVG45R6100P/311996349", "average_rating": "4.5", "product_number": "311996349"}