{"score": 5, "title": "I\u2019m very happy with this washer . It\u2019s fantastic !...", "body": "I\u2019m very happy with this washer . It\u2019s fantastic ! I feel like my clothes have never been cleaner . Great purchase and I highly recommend!", "review_link": "https://www.homedepot.com/p/reviews/Samsung-4-5-cu-ft-High-Efficiency-Platinum-Front-Load-Washing-Machine-with-Steam-ENERGY-STAR-WF45R6100AP/311996219/", "product_link": "https://www.homedepot.com/p/Samsung-4-5-cu-ft-High-Efficiency-Platinum-Front-Load-Washing-Machine-with-Steam-ENERGY-STAR-WF45R6100AP/311996219", "average_rating": "4.6", "product_number": "311996219"}