{"score": 5, "title": "Awesome looking. Massive stature.", "body": "Easy loading. Not too many noisy features. Does not need pedestals.", "review_link": "https://www.homedepot.com/p/reviews/GE-5-0-cu-ft-Sapphire-Blue-Front-Load-Washing-Machine-with-OdorBlock-UltraFresh-Vent-System-with-Sanitize-and-Allergen-GFW850SPNRS/311972521/", "product_link": "https://www.homedepot.com/p/GE-5-0-cu-ft-Sapphire-Blue-Front-Load-Washing-Machine-with-OdorBlock-UltraFresh-Vent-System-with-Sanitize-and-Allergen-GFW850SPNRS/311972521", "average_rating": "4.7", "product_number": "311972521"}