{"score": 5, "title": "Samsung Washer", "body": "Had a problem with fabric softber clogging. Call for service they came out fixed it without any charge still under manufacturer warranty. Was told by service to dilute fabric softner.", "review_link": "https://www.homedepot.com/p/reviews/Samsung-4-5-cu-ft-High-Efficiency-Platinum-Front-Load-Washing-Machine-with-Steam-ENERGY-STAR-WF45R6100AP/311996219/", "product_link": "https://www.homedepot.com/p/Samsung-4-5-cu-ft-High-Efficiency-Platinum-Front-Load-Washing-Machine-with-Steam-ENERGY-STAR-WF45R6100AP/311996219", "average_rating": "4.6", "product_number": "311996219"}