{"score": 3, "title": "item did note come with installation kit--there was no instruction...", "body": "item did note come with installation kit--there was no instruction that i needed to purchase the kit when I purchased the dryer. I had to go purchase it after delivery--this posed a lot on inconveniences. once it was installed it functioned very well.", "review_link": "https://www.homedepot.com/p/reviews/Samsung-7-5-cu-ft-Platinum-Electric-Dryer-with-Steam-DVE45R6100P/311996361/", "product_link": "https://www.homedepot.com/p/Samsung-7-5-cu-ft-Platinum-Electric-Dryer-with-Steam-DVE45R6100P/311996361", "average_rating": "4.5", "product_number": "311996361"}