{"score": 5, "title": "Spacious well lit refrigerator and freezer. Ice maker works great....", "body": "Spacious well lit refrigerator and freezer. Ice maker works great. Gallon jug storage in door is a necessity that many new refrigerators do not have. The drawers are very functional and operate smoothly.", "review_link": "https://www.homedepot.com/p/reviews/LG-Electronics-25-50-cu-ft-Bottom-Freezer-Refrigerator-in-PrintProof-Stainless-Steel-with-Filtered-Ice-and-Smart-Cooling-LRDCS2603S/312284005/", "product_link": "https://www.homedepot.com/p/LG-Electronics-25-50-cu-ft-Bottom-Freezer-Refrigerator-in-PrintProof-Stainless-Steel-with-Filtered-Ice-and-Smart-Cooling-LRDCS2603S/312284005", "average_rating": "4.6", "product_number": "312284005"}