{"score": 2, "title": "Great until the buzzing started...", "body": "We were so happy to get our new fridge but shortly after purchasing it started humming and buzzing so loudly that we had to unplug it for a while. The service center is a joke. Finally, we got someone in to determine it is defective. Waiting for a replacement. Nothing but trouble. The repair guy said these units don't last very long 3-5 years. Our last one lasted years.", "review_link": "https://www.homedepot.com/p/reviews/LG-Electronics-25-50-cu-ft-Bottom-Freezer-Refrigerator-in-PrintProof-Stainless-Steel-with-Filtered-Ice-and-Smart-Cooling-LRDCS2603S/312284005/", "product_link": "https://www.homedepot.com/p/LG-Electronics-25-50-cu-ft-Bottom-Freezer-Refrigerator-in-PrintProof-Stainless-Steel-with-Filtered-Ice-and-Smart-Cooling-LRDCS2603S/312284005", "average_rating": "4.6", "product_number": "312284005"}