{"score": 5, "title": "as advertised", "body": "Everything works right and as advertised (10 characters as required) 5 more", "review_link": "https://www.homedepot.com/p/reviews/LG-Electronics-25-50-cu-ft-Bottom-Freezer-Refrigerator-in-PrintProof-Stainless-Steel-with-Filtered-Ice-and-Smart-Cooling-LRDCS2603S/312284005/", "product_link": "https://www.homedepot.com/p/LG-Electronics-25-50-cu-ft-Bottom-Freezer-Refrigerator-in-PrintProof-Stainless-Steel-with-Filtered-Ice-and-Smart-Cooling-LRDCS2603S/312284005", "average_rating": "4.6", "product_number": "312284005"}