{"score": 1, "title": "Ice Maker is the worst.", "body": "the ice maker on this model was absolutely the slowest when new (twice daily). slowly became worse and has finally stopped. it will fill and freeze but just stop dropping. a counter top ice maker will be less expensive than a service call and i can't find a schematic online.", "review_link": "https://www.homedepot.com/p/reviews/Samsung-27-4-cu-ft-Side-by-Side-Refrigerator-in-Fingerprint-Resistant-Stainless-Steel-RS27T5200SR/312283386/", "product_link": "https://www.homedepot.com/p/Samsung-27-4-cu-ft-Side-by-Side-Refrigerator-in-Fingerprint-Resistant-Stainless-Steel-RS27T5200SR/312283386", "average_rating": "4.3", "product_number": "312283386"}