{"score": 5, "title": "All good.", "body": "everything works. some people don't know if they are ignorant they should buy a service plan from home depot. the longest down time is 72 hours. delivery crew was very good, and explained everything. everything works, as it should. no down side.", "review_link": "https://www.homedepot.com/p/reviews/Samsung-27-4-cu-ft-Side-by-Side-Refrigerator-in-Fingerprint-Resistant-Stainless-Steel-RS27T5200SR/312283386/", "product_link": "https://www.homedepot.com/p/Samsung-27-4-cu-ft-Side-by-Side-Refrigerator-in-Fingerprint-Resistant-Stainless-Steel-RS27T5200SR/312283386", "average_rating": "4.3", "product_number": "312283386"}