{"score": 4, "title": "Pretty good", "body": "I like the refrigerator but the ice maker output is substandard. I had to purchase a separate ice maker. Followed all the directions to increase output but still not adequate.", "review_link": "https://www.homedepot.com/p/reviews/Samsung-27-4-cu-ft-Side-by-Side-Refrigerator-in-Fingerprint-Resistant-Stainless-Steel-RS27T5200SR/312283386/", "product_link": "https://www.homedepot.com/p/Samsung-27-4-cu-ft-Side-by-Side-Refrigerator-in-Fingerprint-Resistant-Stainless-Steel-RS27T5200SR/312283386", "average_rating": "4.3", "product_number": "312283386"}