{"score": 3, "title": "The Fridge has been great. Delivery? No so much", "body": "Be warned, delivery guys claim they are not allowed to remove the doors. This means, if you have 30\" doors and you buy this unit (which the spec indicates it is 29 inches without the doors) you better be prepared to move it into the house on your own.", "review_link": "https://www.homedepot.com/p/reviews/LG-Electronics-25-50-cu-ft-Bottom-Freezer-Refrigerator-in-PrintProof-Stainless-Steel-with-Filtered-Ice-and-Smart-Cooling-LRDCS2603S/312284005/", "product_link": "https://www.homedepot.com/p/LG-Electronics-25-50-cu-ft-Bottom-Freezer-Refrigerator-in-PrintProof-Stainless-Steel-with-Filtered-Ice-and-Smart-Cooling-LRDCS2603S/312284005", "average_rating": "4.6", "product_number": "312284005"}