{"score": 1, "title": "Does not cool properly and poor Samsung Warranty", "body": "It does not cool properly and Samsung has not been able to fix it after 4 service calls. I am having issues with Samsung replacing the unit after so many service calls and it is still not cooling properly.", "review_link": "https://www.homedepot.com/p/reviews/Samsung-27-4-cu-ft-Side-by-Side-Refrigerator-in-Fingerprint-Resistant-Stainless-Steel-RS27T5200SR/312283386/", "product_link": "https://www.homedepot.com/p/Samsung-27-4-cu-ft-Side-by-Side-Refrigerator-in-Fingerprint-Resistant-Stainless-Steel-RS27T5200SR/312283386", "average_rating": "4.3", "product_number": "312283386"}