{"score": 5, "title": "", "body": "This my second LG washer and dryer my first set i purchased 12 years ago still working fine not a single complain or problems but i replace a brand new set anyway because im going to retire soon just in case...my second set of LG product even better than the old set that i have anyway thanks LG", "review_link": "https://www.homedepot.com/p/reviews/LG-Electronics-4-5-cu-ft-Ultra-Large-Capacity-White-Front-Load-Washer-with-Coldwash-Technology-WM3400CW/312399923/", "product_link": "https://www.homedepot.com/p/LG-Electronics-4-5-cu-ft-Ultra-Large-Capacity-White-Front-Load-Washer-with-Coldwash-Technology-WM3400CW/312399923", "average_rating": "4.4", "product_number": "312399923"}