{"score": 5, "title": "Wonderful washer", "body": "Stays balanced. No movement even when it spins a heavy load. Could not be more pleased with the performance. Glad my old washer quit so I could get this one.", "review_link": "https://www.homedepot.com/p/reviews/LG-Electronics-4-5-cu-ft-Ultra-Large-Capacity-White-Front-Load-Washer-with-Coldwash-Technology-WM3400CW/312399923/", "product_link": "https://www.homedepot.com/p/LG-Electronics-4-5-cu-ft-Ultra-Large-Capacity-White-Front-Load-Washer-with-Coldwash-Technology-WM3400CW/312399923", "average_rating": "4.4", "product_number": "312399923"}