{"score": 4, "title": "Great washer for a good price", "body": "Got both a matching washer & dryer. Both work very well and seam to do a good job of conserving energy.", "review_link": "https://www.homedepot.com/p/reviews/LG-Electronics-4-5-cu-ft-Ultra-Large-Capacity-White-Front-Load-Washer-with-Coldwash-Technology-WM3400CW/312399923/", "product_link": "https://www.homedepot.com/p/LG-Electronics-4-5-cu-ft-Ultra-Large-Capacity-White-Front-Load-Washer-with-Coldwash-Technology-WM3400CW/312399923", "average_rating": "4.4", "product_number": "312399923"}