{"score": 5, "title": "Great features", "body": "I ordered this a month ago knowing we are doing a remodel and planned to use as a stackable only. In the two weeks from order to delivery, my other machine quit. We ended up bringing this one inside earlier than planned and it is the quietest, greatest unit I have ever owned! I love how it judges the weight of the laundry, the features and most of all how clean my clothes are now! My 25 year old machine wasn't working up to par obviously!", "review_link": "https://www.homedepot.com/p/reviews/LG-Electronics-4-5-cu-ft-Ultra-Large-Capacity-White-Front-Load-Washer-with-Coldwash-Technology-WM3400CW/312399923/", "product_link": "https://www.homedepot.com/p/LG-Electronics-4-5-cu-ft-Ultra-Large-Capacity-White-Front-Load-Washer-with-Coldwash-Technology-WM3400CW/312399923", "average_rating": "4.4", "product_number": "312399923"}