{"score": 1, "title": "Bearings went bad and developed a bad door leak", "body": "Exactly 1 year and 1 week after purchase the bearings are bad and the front door seal is bad which is now leaking water and messed up my cabinets. This seems like planned obsolescence if major components fail just outside of the warranty period.", "review_link": "https://www.homedepot.com/p/reviews/LG-Electronics-4-5-cu-ft-Ultra-Large-Capacity-White-Front-Load-Washer-with-Coldwash-Technology-WM3400CW/312399923/", "product_link": "https://www.homedepot.com/p/LG-Electronics-4-5-cu-ft-Ultra-Large-Capacity-White-Front-Load-Washer-with-Coldwash-Technology-WM3400CW/312399923", "average_rating": "4.4", "product_number": "312399923"}