{"score": 5, "title": "Seems solid", "body": "We like our LG washer (and LG set). It seems like it has all the features you\u2019d want without being overkill. I use most all the features. I love the triple rinse feature. You can select 1, 2, 3 rinses. That\u2019s huge for me. Love that. We would buy LG again.", "review_link": "https://www.homedepot.com/p/reviews/LG-Electronics-4-5-cu-ft-Ultra-Large-Capacity-White-Front-Load-Washer-with-Coldwash-Technology-WM3400CW/312399923/", "product_link": "https://www.homedepot.com/p/LG-Electronics-4-5-cu-ft-Ultra-Large-Capacity-White-Front-Load-Washer-with-Coldwash-Technology-WM3400CW/312399923", "average_rating": "4.4", "product_number": "312399923"}