{"score": 4, "title": "Its good, but be careful how you load .", "body": "I've had this for a while and although I love how fast it does cycles I wonder how clean does it get my clothes,. Laos if you don't load it properly or choose the a good setting it will be extremely loud.", "review_link": "https://www.homedepot.com/p/reviews/LG-Electronics-27-in-4-5-cu-ft-Ultra-Large-Capacity-Graphite-Steel-Front-Load-Washer-with-Steam-and-Wi-Fi-Connectivity-WM3600HVA/312441373/", "product_link": "https://www.homedepot.com/p/LG-Electronics-27-in-4-5-cu-ft-Ultra-Large-Capacity-Graphite-Steel-Front-Load-Washer-with-Steam-and-Wi-Fi-Connectivity-WM3600HVA/312441373", "average_rating": "4.5", "product_number": "312441373"}