{"score": 5, "title": "LG Front load washer", "body": "We love Speed Wash and it is much quieter than our previous LG.", "review_link": "https://www.homedepot.com/p/reviews/LG-Electronics-27-in-4-5-cu-ft-Ultra-Large-Capacity-Graphite-Steel-Front-Load-Washer-with-Steam-and-Wi-Fi-Connectivity-WM3600HVA/312441373/", "product_link": "https://www.homedepot.com/p/LG-Electronics-27-in-4-5-cu-ft-Ultra-Large-Capacity-Graphite-Steel-Front-Load-Washer-with-Steam-and-Wi-Fi-Connectivity-WM3600HVA/312441373", "average_rating": "4.5", "product_number": "312441373"}