{"score": 3, "title": "Clothes still damp even w Sensor drying function. No interior...", "body": "Clothes still damp even w Sensor drying function. No interior light in this model", "review_link": "https://www.homedepot.com/p/reviews/LG-Electronics-7-4-cu-ft-Ultra-Large-Capacity-White-Vented-Smart-Gas-Dryer-with-Sensor-Dry-DLG3401W/312429905/", "product_link": "https://www.homedepot.com/p/LG-Electronics-7-4-cu-ft-Ultra-Large-Capacity-White-Vented-Smart-Gas-Dryer-with-Sensor-Dry-DLG3401W/312429905", "average_rating": "4.4", "product_number": "312429905"}