{"score": 5, "title": "Good Dryer", "body": "We purchased this about 2 months ago and it works as expected. Looks nice, reasonably quiet and fills the same space as our previous one. When our washer quits working, I would consider the washer model. It plays a pleasant tune at end of cycle.", "review_link": "https://www.homedepot.com/p/reviews/LG-Electronics-7-4-cu-ft-Vented-Smart-Electric-Dryer-with-Sensor-Dry-in-White-DLE3400W/312429301/", "product_link": "https://www.homedepot.com/p/LG-Electronics-7-4-cu-ft-Vented-Smart-Electric-Dryer-with-Sensor-Dry-in-White-DLE3400W/312429301", "average_rating": "4.6", "product_number": "312429301"}