{"score": 5, "title": "Black color looks good", "body": "The black set looks really good. This washer holds a large load and does the regular cycle fast.", "review_link": "https://www.homedepot.com/p/reviews/LG-Electronics-7-4-cu-ft-White-Ultra-Large-Capacity-Electric-Dryer-with-Sensor-Dry-Turbo-Steam-DLEX4000W/312440282/", "product_link": "https://www.homedepot.com/p/LG-Electronics-7-4-cu-ft-White-Ultra-Large-Capacity-Electric-Dryer-with-Sensor-Dry-Turbo-Steam-DLEX4000W/312440282", "average_rating": "4.7", "product_number": "312440282"}