{"score": 5, "title": "Love them and it cleans much better than a top...", "body": "Love them and it cleans much better than a top loader. Delivery guys were great", "review_link": "https://www.homedepot.com/p/reviews/LG-Electronics-7-4-cu-ft-Vented-Smart-Electric-Dryer-with-Sensor-Dry-in-White-DLE3400W/312429301/", "product_link": "https://www.homedepot.com/p/LG-Electronics-7-4-cu-ft-Vented-Smart-Electric-Dryer-with-Sensor-Dry-in-White-DLE3400W/312429301", "average_rating": "4.6", "product_number": "312429301"}