{"score": 5, "title": "Quiet and gets so much load space for a compact de", "body": "We love our new washer and dryer, we have done several loads and it is very quiet compared to our old set. Has cute musical tones for different wash and dry loads. The most compact set for our small space. Love them!", "review_link": "https://www.homedepot.com/p/reviews/LG-Electronics-7-4-cu-ft-Ultra-Large-Graphite-Steel-Smart-Electric-Vented-Dryer-with-Sensor-Dry-and-Wi-Fi-Enabled-DLE3600V/312441398/", "product_link": "https://www.homedepot.com/p/LG-Electronics-7-4-cu-ft-Ultra-Large-Graphite-Steel-Smart-Electric-Vented-Dryer-with-Sensor-Dry-and-Wi-Fi-Enabled-DLE3600V/312441398", "average_rating": "4.6", "product_number": "312441398"}