{"score": 5, "title": "", "body": "I saw some complaints about this dryer leaving clothes very damp after a drying cycle, and I had the same issue at first. I learned that adjusting the dryness setting resolved the problem during automatic settings.", "review_link": "https://www.homedepot.com/p/reviews/LG-Electronics-7-4-cu-ft-White-Ultra-Large-Capacity-Electric-Dryer-with-Sensor-Dry-Turbo-Steam-DLEX4000W/312440282/", "product_link": "https://www.homedepot.com/p/LG-Electronics-7-4-cu-ft-White-Ultra-Large-Capacity-Electric-Dryer-with-Sensor-Dry-Turbo-Steam-DLEX4000W/312440282", "average_rating": "4.7", "product_number": "312440282"}