{"score": 5, "title": "The dryer works great - I like being notified when...", "body": "The dryer works great - I like being notified when my clothes are finished since the dryer is downstairs and we can\u2019t hear a buzzer.", "review_link": "https://www.homedepot.com/p/reviews/LG-Electronics-7-4-cu-ft-White-Ultra-Large-Capacity-Electric-Dryer-with-Sensor-Dry-Turbo-Steam-DLEX4000W/312440282/", "product_link": "https://www.homedepot.com/p/LG-Electronics-7-4-cu-ft-White-Ultra-Large-Capacity-Electric-Dryer-with-Sensor-Dry-Turbo-Steam-DLEX4000W/312440282", "average_rating": "4.7", "product_number": "312440282"}