{"score": 5, "title": "Great item", "body": "I love this dryer. It has many features and drying cycle to choose from but I love the size of this dryer. It easily fits a king size comforter.", "review_link": "https://www.homedepot.com/p/reviews/LG-Electronics-7-4-cu-ft-Ultra-Large-Capacity-White-Vented-Smart-Gas-Dryer-with-Sensor-Dry-DLG3401W/312429905/", "product_link": "https://www.homedepot.com/p/LG-Electronics-7-4-cu-ft-Ultra-Large-Capacity-White-Vented-Smart-Gas-Dryer-with-Sensor-Dry-DLG3401W/312429905", "average_rating": "4.4", "product_number": "312429905"}