{"score": 5, "title": "Awesome dryer", "body": "My husband bought this dryer for me and i love it. It dries our big towels and fluffs them up nicely. I love that i can add extra minutes if my gentles do not completely dry the first time. It's the best dryer i ever had.", "review_link": "https://www.homedepot.com/p/reviews/LG-Electronics-7-4-cu-ft-Ultra-Large-Capacity-White-Vented-Smart-Gas-Dryer-with-Sensor-Dry-DLG3401W/312429905/", "product_link": "https://www.homedepot.com/p/LG-Electronics-7-4-cu-ft-Ultra-Large-Capacity-White-Vented-Smart-Gas-Dryer-with-Sensor-Dry-DLG3401W/312429905", "average_rating": "4.4", "product_number": "312429905"}