{"score": 1, "title": "Very inneficient", "body": "This model has been sold to me while saying that it's very water efficient. And yet I need to wash my clothes at least twice so that they can smell even remotely nice. On top of that, I need to have it wash itself once a month which further uses water.", "review_link": "https://www.homedepot.com/p/reviews/LG-Electronics-5-0-cu-ft-Mega-Capacity-White-Top-Load-Washer-with-TurboDrum-Technology-WT7150CW/312441660/", "product_link": "https://www.homedepot.com/p/LG-Electronics-5-0-cu-ft-Mega-Capacity-White-Top-Load-Washer-with-TurboDrum-Technology-WT7150CW/312441660", "average_rating": "4.5", "product_number": "312441660"}