{"score": 5, "title": "Matches my washer and buying/delivery/install process easy! First time I bought a major appliance on line and it was way easier than I thought it would be! Delivery guys were friendly.", "body": "Great Dryer! Buying process easy!", "review_link": "https://www.homedepot.com/p/reviews/LG-Electronics-7-4-cu-ft-Ultra-Large-Capacity-White-Vented-Smart-Gas-Dryer-with-Sensor-Dry-DLG3401W/312429905/", "product_link": "https://www.homedepot.com/p/LG-Electronics-7-4-cu-ft-Ultra-Large-Capacity-White-Vented-Smart-Gas-Dryer-with-Sensor-Dry-DLG3401W/312429905", "average_rating": "4.4", "product_number": "312429905"}