{"score": 1, "title": "Already broke", "body": "We bought this new a month ago. Mother board broke on it. LG has been out 3 times now and it still isn\u2019t fixed. And what dryer has no built in light??", "review_link": "https://www.homedepot.com/p/reviews/LG-Electronics-7-4-cu-ft-Ultra-Large-Graphite-Steel-Smart-Electric-Vented-Dryer-with-Sensor-Dry-and-Wi-Fi-Enabled-DLE3600V/312441398/", "product_link": "https://www.homedepot.com/p/LG-Electronics-7-4-cu-ft-Ultra-Large-Graphite-Steel-Smart-Electric-Vented-Dryer-with-Sensor-Dry-and-Wi-Fi-Enabled-DLE3600V/312441398", "average_rating": "4.6", "product_number": "312441398"}