{"score": 5, "title": "Perfect", "body": "Purchased the washer and dryer as a set. So simple to operate and quiet. Thought a long while about whether I wanted top or side loading. Turns out worried about nothing because the wash comes out clean every time with no issues. Happy about the large capacity loads so I don't have to take the comforters to the laundromat any more.", "review_link": "https://www.homedepot.com/p/reviews/LG-Electronics-7-4-cu-ft-Ultra-Large-Graphite-Steel-Smart-Electric-Vented-Dryer-with-Sensor-Dry-and-Wi-Fi-Enabled-DLE3600V/312441398/", "product_link": "https://www.homedepot.com/p/LG-Electronics-7-4-cu-ft-Ultra-Large-Graphite-Steel-Smart-Electric-Vented-Dryer-with-Sensor-Dry-and-Wi-Fi-Enabled-DLE3600V/312441398", "average_rating": "4.6", "product_number": "312441398"}