{"score": 5, "title": "Smooth operation and quiet.", "body": "I bought this same product 18 years thats why I am sticking with LG product its a guality product at a good price.", "review_link": "https://www.homedepot.com/p/reviews/LG-Electronics-7-4-cu-ft-White-Ultra-Large-Capacity-Electric-Dryer-with-Sensor-Dry-Turbo-Steam-DLEX4000W/312440282/", "product_link": "https://www.homedepot.com/p/LG-Electronics-7-4-cu-ft-White-Ultra-Large-Capacity-Electric-Dryer-with-Sensor-Dry-Turbo-Steam-DLEX4000W/312440282", "average_rating": "4.7", "product_number": "312440282"}