{"score": 5, "title": "Fabulous Range!", "body": "This is the best range I have ever owned! Beautiful to behold,extremely efficient,and very.very easy to clean oven. Love it!!", "review_link": "https://www.homedepot.com/p/reviews/LG-Electronics-30-in-6-3-cu-ft-Smart-Wi-Fi-Enabled-Fan-Convection-Electric-Range-Oven-with-AirFry-and-EasyClean-in-Stainless-Steel-LREL6323S/312460280/", "product_link": "https://www.homedepot.com/p/LG-Electronics-30-in-6-3-cu-ft-Smart-Wi-Fi-Enabled-Fan-Convection-Electric-Range-Oven-with-AirFry-and-EasyClean-in-Stainless-Steel-LREL6323S/312460280", "average_rating": "4.2", "product_number": "312460280"}