{"score": 4, "title": "Good dryer", "body": "Good dryer, but could be a bit better. The normal cycle tends to dry on medium heat and with less time than the dryer that was replaced and you can't adjust the features of this setting. This meant we had to do two cycles in order to get our clothes dried. We found that if you use the speed dry setting you can adjust the time and temperature and get dry clothes with only one cycle.", "review_link": "https://www.homedepot.com/p/reviews/LG-Electronics-7-4-cu-ft-Ultra-Large-Graphite-Steel-Smart-Electric-Vented-Dryer-with-Sensor-Dry-and-Wi-Fi-Enabled-DLE3600V/312441398/", "product_link": "https://www.homedepot.com/p/LG-Electronics-7-4-cu-ft-Ultra-Large-Graphite-Steel-Smart-Electric-Vented-Dryer-with-Sensor-Dry-and-Wi-Fi-Enabled-DLE3600V/312441398", "average_rating": "4.6", "product_number": "312441398"}