{"score": 5, "title": "Great dryer", "body": "I replaced 14 year old laundry appliances and I feel like I skipped a century. This dryer is quiet, efficient, and so much better than my old one! I love the app alerts at the end of a cycle.", "review_link": "https://www.homedepot.com/p/reviews/LG-Electronics-7-4-cu-ft-White-Ultra-Large-Capacity-Electric-Dryer-with-Sensor-Dry-Turbo-Steam-DLEX4000W/312440282/", "product_link": "https://www.homedepot.com/p/LG-Electronics-7-4-cu-ft-White-Ultra-Large-Capacity-Electric-Dryer-with-Sensor-Dry-Turbo-Steam-DLEX4000W/312440282", "average_rating": "4.7", "product_number": "312440282"}