{"score": 1, "title": "Not buying this again.", "body": "Does not dry as it should. Settings or heat sensor is this product seems cheap. Dissatisfied after having a previous great experience with LG products this one is a bust. Buy a different model.", "review_link": "https://www.homedepot.com/p/reviews/LG-Electronics-7-4-cu-ft-Vented-Smart-Electric-Dryer-with-Sensor-Dry-in-White-DLE3400W/312429301/", "product_link": "https://www.homedepot.com/p/LG-Electronics-7-4-cu-ft-Vented-Smart-Electric-Dryer-with-Sensor-Dry-in-White-DLE3400W/312429301", "average_rating": "4.6", "product_number": "312429301"}