{"score": 5, "title": "So efficient!", "body": "Each time we use our new electric range, we realize just how efficient this unit is compared to our old stove. With all the bells and whistles, it's fun to cook.", "review_link": "https://www.homedepot.com/p/reviews/LG-Electronics-30-in-6-3-cu-ft-Smart-Wi-Fi-Enabled-Fan-Convection-Electric-Range-Oven-with-AirFry-and-EasyClean-in-Stainless-Steel-LREL6323S/312460280/", "product_link": "https://www.homedepot.com/p/LG-Electronics-30-in-6-3-cu-ft-Smart-Wi-Fi-Enabled-Fan-Convection-Electric-Range-Oven-with-AirFry-and-EasyClean-in-Stainless-Steel-LREL6323S/312460280", "average_rating": "4.2", "product_number": "312460280"}