{"score": 5, "title": "Need longer arms", "body": "This is a nice machine, but it is not made for short women, my 5'2\" wife needs longer arms of a short grabber to get things off of the bottom.", "review_link": "https://www.homedepot.com/p/reviews/LG-Electronics-5-0-cu-ft-Mega-Capacity-White-Top-Load-Washer-with-TurboDrum-Technology-WT7150CW/312441660/", "product_link": "https://www.homedepot.com/p/LG-Electronics-5-0-cu-ft-Mega-Capacity-White-Top-Load-Washer-with-TurboDrum-Technology-WT7150CW/312441660", "average_rating": "4.5", "product_number": "312441660"}