{"score": 4, "title": "Works well", "body": "Would have given a 5* but the metal is too thin. The bottom drawer is very flimsy. All else is very good.", "review_link": "https://www.homedepot.com/p/reviews/LG-Electronics-30-in-6-3-cu-ft-Smart-Wi-Fi-Enabled-Fan-Convection-Electric-Range-Oven-with-AirFry-and-EasyClean-in-Stainless-Steel-LREL6323S/312460280/", "product_link": "https://www.homedepot.com/p/LG-Electronics-30-in-6-3-cu-ft-Smart-Wi-Fi-Enabled-Fan-Convection-Electric-Range-Oven-with-AirFry-and-EasyClean-in-Stainless-Steel-LREL6323S/312460280", "average_rating": "4.2", "product_number": "312460280"}