{"score": 5, "title": "Love the venting option", "body": "Love the venting option and the capacity drum size", "review_link": "https://www.homedepot.com/p/reviews/GE-32-in-4-8-cu-ft-White-Front-Load-Washing-Machine-with-OdorBlock-UltraFresh-Vent-System-and-Sanitize-with-Oxi-GFW550SSNWW/312563953/", "product_link": "https://www.homedepot.com/p/GE-32-in-4-8-cu-ft-White-Front-Load-Washing-Machine-with-OdorBlock-UltraFresh-Vent-System-and-Sanitize-with-Oxi-GFW550SSNWW/312563953", "average_rating": "4.7", "product_number": "312563953"}