{"score": 5, "title": "Venting!", "body": "I bought this washer because of the venting feature. I have only had it a couple of weeks so I can not say how the non mildew feature is going to work long term but I love the venting feature.", "review_link": "https://www.homedepot.com/p/reviews/GE-32-in-4-8-cu-ft-White-Front-Load-Washing-Machine-with-OdorBlock-UltraFresh-Vent-System-and-Sanitize-with-Oxi-GFW550SSNWW/312563953/", "product_link": "https://www.homedepot.com/p/GE-32-in-4-8-cu-ft-White-Front-Load-Washing-Machine-with-OdorBlock-UltraFresh-Vent-System-and-Sanitize-with-Oxi-GFW550SSNWW/312563953", "average_rating": "4.7", "product_number": "312563953"}