{"score": 3, "title": "Lava excelente", "body": "Lava excelente pero pega mucho en los lados cuando exprime . Mandaron un t\u00e9cnico y dijo que todo esta bien que esas lavadoras asen ese ruido", "review_link": "https://www.homedepot.com/p/reviews/GE-32-in-4-8-cu-ft-White-Front-Load-Washing-Machine-with-OdorBlock-UltraFresh-Vent-System-and-Sanitize-with-Oxi-GFW550SSNWW/312563953/", "product_link": "https://www.homedepot.com/p/GE-32-in-4-8-cu-ft-White-Front-Load-Washing-Machine-with-OdorBlock-UltraFresh-Vent-System-and-Sanitize-with-Oxi-GFW550SSNWW/312563953", "average_rating": "4.7", "product_number": "312563953"}