{"score": 1, "title": "Ultrafresh doesn't work", "body": "Ran once then ran Ultrafresh. Still had water on gasket two days later even after towel drying (I closed the door so assume it fell onto gasket later). Since Ultrafresh is over-night, out of the 48-hour Home Depot return window (Called ~72 hours later).", "review_link": "https://www.homedepot.com/p/reviews/GE-32-in-4-8-cu-ft-White-Front-Load-Washing-Machine-with-OdorBlock-UltraFresh-Vent-System-and-Sanitize-with-Oxi-GFW550SSNWW/312563953/", "product_link": "https://www.homedepot.com/p/GE-32-in-4-8-cu-ft-White-Front-Load-Washing-Machine-with-OdorBlock-UltraFresh-Vent-System-and-Sanitize-with-Oxi-GFW550SSNWW/312563953", "average_rating": "4.7", "product_number": "312563953"}