{"score": 2, "title": "Water overflow and zero online or phone support", "body": "I hope to like this product, but must solve a problem first and the Chat is unavailable and the phone says \"we're too busy so can't take your call\". I hope someone contacts me back by this comment...", "review_link": "https://www.homedepot.com/p/reviews/Frigidaire-White-Electric-Washer-Dryer-Laundry-Center-3-9-cu-ft-Washer-and-5-5-cu-ft-Dryer-FLCE7522AW/312751609/", "product_link": "https://www.homedepot.com/p/Frigidaire-White-Electric-Washer-Dryer-Laundry-Center-3-9-cu-ft-Washer-and-5-5-cu-ft-Dryer-FLCE7522AW/312751609", "average_rating": "4.1", "product_number": "312751609"}