{"score": 4, "title": "", "body": "Seems to work well. it fit where we planed to put it. Very pleased to this point.", "review_link": "https://www.homedepot.com/p/reviews/Frigidaire-White-Electric-Washer-Dryer-Laundry-Center-3-9-cu-ft-Washer-and-5-5-cu-ft-Dryer-FLCE7522AW/312751609/", "product_link": "https://www.homedepot.com/p/Frigidaire-White-Electric-Washer-Dryer-Laundry-Center-3-9-cu-ft-Washer-and-5-5-cu-ft-Dryer-FLCE7522AW/312751609", "average_rating": "4.1", "product_number": "312751609"}