{"score": 4, "title": "Stackable", "body": "This unit is good for a stackable washer and dryer that will fit into a fairly small area. The washer has a nice large tub. The dryer, for whatever reason seems a bit small by comparison. May be just me getting used to a new item.", "review_link": "https://www.homedepot.com/p/reviews/Frigidaire-White-Electric-Washer-Dryer-Laundry-Center-3-9-cu-ft-Washer-and-5-5-cu-ft-Dryer-FLCE7522AW/312751609/", "product_link": "https://www.homedepot.com/p/Frigidaire-White-Electric-Washer-Dryer-Laundry-Center-3-9-cu-ft-Washer-and-5-5-cu-ft-Dryer-FLCE7522AW/312751609", "average_rating": "4.1", "product_number": "312751609"}