{"score": 5, "title": "Great microwave", "body": "This microwave is awesome. Very fast heating times, lots of features and a great look", "review_link": "https://www.homedepot.com/p/reviews/Samsung-30-in-W-1-7-cu-ft-Over-the-Range-Microwave-in-Fingerprint-Resistant-Stainless-Steel-ME17R7021ES/312751901/", "product_link": "https://www.homedepot.com/p/Samsung-30-in-W-1-7-cu-ft-Over-the-Range-Microwave-in-Fingerprint-Resistant-Stainless-Steel-ME17R7021ES/312751901", "average_rating": "4.2", "product_number": "312751901"}