{"score": 5, "title": "Great microwave", "body": "We have all Samsung appliances so this matches our stove, refrigerator, washer, dryer. Very happy with all of our Samsung purchases. Good quality, lots of features", "review_link": "https://www.homedepot.com/p/reviews/Samsung-30-in-W-1-7-cu-ft-Over-the-Range-Microwave-in-Fingerprint-Resistant-Stainless-Steel-ME17R7021ES/312751901/", "product_link": "https://www.homedepot.com/p/Samsung-30-in-W-1-7-cu-ft-Over-the-Range-Microwave-in-Fingerprint-Resistant-Stainless-Steel-ME17R7021ES/312751901", "average_rating": "4.2", "product_number": "312751901"}