{"score": 4, "title": "Almost perfect!", "body": "I bought this microwave as part of a package and I have loved it! However, when I opened it the other day, the bottom part of the handle broke to pieces in my hand. It is out of warranty by about a month so I know it\u2019s going to be a project to get fixed.", "review_link": "https://www.homedepot.com/p/reviews/Samsung-30-in-W-1-7-cu-ft-Over-the-Range-Microwave-in-Fingerprint-Resistant-Stainless-Steel-ME17R7021ES/312751901/", "product_link": "https://www.homedepot.com/p/Samsung-30-in-W-1-7-cu-ft-Over-the-Range-Microwave-in-Fingerprint-Resistant-Stainless-Steel-ME17R7021ES/312751901", "average_rating": "4.2", "product_number": "312751901"}