{"score": 5, "title": "Over The Range Microwave", "body": "This is the first Over The Range Microwave that have had and I love it. It is easy to use and saves space on my counter.", "review_link": "https://www.homedepot.com/p/reviews/Frigidaire-30-in-1-8-cu-ft-Over-the-Range-Microwave-in-Stainless-Steel-FFMV1846VS/312820576/", "product_link": "https://www.homedepot.com/p/Frigidaire-30-in-1-8-cu-ft-Over-the-Range-Microwave-in-Stainless-Steel-FFMV1846VS/312820576", "average_rating": "4.7", "product_number": "312820576"}