{"score": 5, "title": "Amazing microwave", "body": "This microwave is amazing! I love the design in the back the most. Very reliable product as always with frigidaire. Definitely worth the purchase and enhances the look of the kitchen.", "review_link": "https://www.homedepot.com/p/reviews/Frigidaire-30-in-1-8-cu-ft-Over-the-Range-Microwave-in-Stainless-Steel-FFMV1846VS/312820576/", "product_link": "https://www.homedepot.com/p/Frigidaire-30-in-1-8-cu-ft-Over-the-Range-Microwave-in-Stainless-Steel-FFMV1846VS/312820576", "average_rating": "4.7", "product_number": "312820576"}