{"score": 3, "title": "Fan was faulty out of the box with it not...", "body": "Fan was faulty out of the box with it not working on low speed. Needed to be replaced. Does anyone do quality control nowadays?", "review_link": "https://www.homedepot.com/p/reviews/Frigidaire-30-in-1-8-cu-ft-Over-the-Range-Microwave-in-Stainless-Steel-FFMV1846VS/312820576/", "product_link": "https://www.homedepot.com/p/Frigidaire-30-in-1-8-cu-ft-Over-the-Range-Microwave-in-Stainless-Steel-FFMV1846VS/312820576", "average_rating": "4.7", "product_number": "312820576"}