{"score": 5, "title": "Sleek Design", "body": "My wife and I recently purchased a new home. We determined that the existing appliances needed to be replaced. Looking at the many options available in both style and manufacturer, we decided to purchase this Frigidaire Gallery over-the-range microwave. The first thing that caught our attention was the sleek design; with its no handle or recessed buttons keeping it clean would be easy. The most surprising feature was how quiet it was when we started using it. If you are purchasing an over-the-range microwave, check this one out; you won't be disappointed.", "review_link": "https://www.homedepot.com/p/reviews/FRIGIDAIRE-GALLERY-30-in-1-9-cu-ft-Over-the-Range-Microwave-in-Stainless-Steel-FGBM19WNVF/313183349/", "product_link": "https://www.homedepot.com/p/FRIGIDAIRE-GALLERY-30-in-1-9-cu-ft-Over-the-Range-Microwave-in-Stainless-Steel-FGBM19WNVF/313183349", "average_rating": "4.7", "product_number": "313183349"}