{"score": 5, "title": "Sleek and Quiet", "body": "Love the looks of this microwave. The built-in handle cleans up the chunky lines of the conventional style and modernizes the kitchen. The LED display vibrant and bright, and the controls along the bottom of the front panel are a nice design variation and just as easy to access. An added, unexpected bonus is how quietly the microwave is when running. No regrets here.", "review_link": "https://www.homedepot.com/p/reviews/FRIGIDAIRE-GALLERY-30-in-1-9-cu-ft-Over-the-Range-Microwave-in-Stainless-Steel-FGBM19WNVF/313183349/", "product_link": "https://www.homedepot.com/p/FRIGIDAIRE-GALLERY-30-in-1-9-cu-ft-Over-the-Range-Microwave-in-Stainless-Steel-FGBM19WNVF/313183349", "average_rating": "4.7", "product_number": "313183349"}