{"score": 5, "title": "Over Range Microwave Black Stainless", "body": "Very happy with this purchase! The smooth front makes cleaning a breeze! This microwave is super quiet and very secure on the wall. All setting work perfectly as far as cooking times. Love it!!", "review_link": "https://www.homedepot.com/p/reviews/FRIGIDAIRE-GALLERY-30-in-1-9-cu-ft-Over-the-Range-Microwave-in-Stainless-Steel-FGBM19WNVF/313183349/", "product_link": "https://www.homedepot.com/p/FRIGIDAIRE-GALLERY-30-in-1-9-cu-ft-Over-the-Range-Microwave-in-Stainless-Steel-FGBM19WNVF/313183349", "average_rating": "4.7", "product_number": "313183349"}