{"score": 5, "title": "Great Microwave", "body": "It\u2019s a great microwave and it looks real sharp. Many options and cooks very evenly. Because we needed one with zero clearance, this is perfect!", "review_link": "https://www.homedepot.com/p/reviews/FRIGIDAIRE-GALLERY-30-in-1-9-cu-ft-Over-the-Range-Microwave-in-Stainless-Steel-FGBM19WNVF/313183349/", "product_link": "https://www.homedepot.com/p/FRIGIDAIRE-GALLERY-30-in-1-9-cu-ft-Over-the-Range-Microwave-in-Stainless-Steel-FGBM19WNVF/313183349", "average_rating": "4.7", "product_number": "313183349"}