{"score": 5, "title": "Love it! So handy to have 2 ovens!", "body": "Our new stove arrives this Saturday before Thanksgiving! What a treat to have so much more space in the oven to cook. It especially helped when everyone brought potluck dishes that needed to be heated up. Thank you", "review_link": "https://www.homedepot.com/p/reviews/GE-30-in-6-8-cu-ft-Double-Oven-Gas-Range-with-Steam-Cleaning-Convection-Oven-in-Stainless-Steel-JGBS86SPSS/313246979/", "product_link": "https://www.homedepot.com/p/GE-30-in-6-8-cu-ft-Double-Oven-Gas-Range-with-Steam-Cleaning-Convection-Oven-in-Stainless-Steel-JGBS86SPSS/313246979", "average_rating": "4.7", "product_number": "313246979"}