{"score": 2, "title": "Finish already coming off", "body": "It\u2019s a very nice looking stove and functionally it\u2019s amazing. But the finishes are very sub par. I\u2019ve only had our appliance for a month and the finish on the grate is already peeling and it\u2019s very bad looking and upsets me every time I see It. I paied a lot of money for this devise", "review_link": "https://www.homedepot.com/p/reviews/GE-30-in-6-8-cu-ft-Double-Oven-Gas-Range-with-Steam-Cleaning-Convection-Oven-in-Stainless-Steel-JGBS86SPSS/313246979/", "product_link": "https://www.homedepot.com/p/GE-30-in-6-8-cu-ft-Double-Oven-Gas-Range-with-Steam-Cleaning-Convection-Oven-in-Stainless-Steel-JGBS86SPSS/313246979", "average_rating": "4.7", "product_number": "313246979"}