{"score": 5, "title": "LOVE the double oven!", "body": "I love the double oven. I can cook at two different temperatures and it cuts down the time I am in the kitchen. The steam clean feature is great also. Really easy to use. It's everything I was looking in a stove. The price was great too!.", "review_link": "https://www.homedepot.com/p/reviews/GE-30-in-6-8-cu-ft-Double-Oven-Gas-Range-with-Steam-Cleaning-Convection-Oven-in-Stainless-Steel-JGBS86SPSS/313246979/", "product_link": "https://www.homedepot.com/p/GE-30-in-6-8-cu-ft-Double-Oven-Gas-Range-with-Steam-Cleaning-Convection-Oven-in-Stainless-Steel-JGBS86SPSS/313246979", "average_rating": "4.7", "product_number": "313246979"}