{"score": 5, "title": "Love this range!", "body": "This range has exceeded our expectations in all areas. Great quality and value.", "review_link": "https://www.homedepot.com/p/reviews/GE-30-in-6-8-cu-ft-Double-Oven-Gas-Range-with-Steam-Cleaning-Convection-Oven-in-Stainless-Steel-JGBS86SPSS/313246979/", "product_link": "https://www.homedepot.com/p/GE-30-in-6-8-cu-ft-Double-Oven-Gas-Range-with-Steam-Cleaning-Convection-Oven-in-Stainless-Steel-JGBS86SPSS/313246979", "average_rating": "4.7", "product_number": "313246979"}