{"score": 4, "title": "Nice..", "body": "Not bulky at all.Plenty of room and freezer get cold quick for beverages. I gave 4stars because it had a small dent on the freezer", "review_link": "https://www.homedepot.com/p/reviews/Vissani-7-1-cu-ft-Top-Freezer-Refrigerator-in-Stainless-Steel-Look-MDFF7SS/313489925/", "product_link": "https://www.homedepot.com/p/Vissani-7-1-cu-ft-Top-Freezer-Refrigerator-in-Stainless-Steel-Look-MDFF7SS/313489925", "average_rating": "4.3", "product_number": "313489925"}