{"score": 4, "title": "Door didn't close and seal but contacted Home Depot they...", "body": "Door didn't close and seal but contacted Home Depot they we're able to resolve issue", "review_link": "https://www.homedepot.com/p/reviews/Vissani-7-1-cu-ft-Top-Freezer-Refrigerator-in-Stainless-Steel-Look-MDFF7SS/313489925/", "product_link": "https://www.homedepot.com/p/Vissani-7-1-cu-ft-Top-Freezer-Refrigerator-in-Stainless-Steel-Look-MDFF7SS/313489925", "average_rating": "4.3", "product_number": "313489925"}