{"score": 5, "title": "So far I am very happy no issues easy to...", "body": "So far I am very happy no issues easy to work and has done a great job washing our clothes the black stainless is so beautiful and the machines seams very sturdy", "review_link": "https://www.homedepot.com/p/reviews/Samsung-27-in-4-5-cu-ft-High-Efficiency-White-Front-Load-Washing-Machine-with-Self-Clean-ENERGY-STAR-WF45T6000AW/313846213/", "product_link": "https://www.homedepot.com/p/Samsung-27-in-4-5-cu-ft-High-Efficiency-White-Front-Load-Washing-Machine-with-Self-Clean-ENERGY-STAR-WF45T6000AW/313846213", "average_rating": "4.5", "product_number": "313846213"}