{"score": 3, "title": "HAVE NOT INSTALLED YET... PLAN FOR IN TWO WEEKS.......", "body": "HAVE NOT INSTALLED YET... PLAN FOR IN TWO WEEKS....", "review_link": "https://www.homedepot.com/p/reviews/Samsung-7-5-cu-ft-240-Volt-White-Electric-Dryer-with-Sensor-Dryer-Pedestals-Sold-Separately-DVE45T6000W/313846237/", "product_link": "https://www.homedepot.com/p/Samsung-7-5-cu-ft-240-Volt-White-Electric-Dryer-with-Sensor-Dryer-Pedestals-Sold-Separately-DVE45T6000W/313846237", "average_rating": "4.6", "product_number": "313846237"}