{"score": 5, "title": "I am very happy with my purchase. Getting used to...", "body": "I am very happy with my purchase. Getting used to the drying time's and the setting's. So far everything is good.", "review_link": "https://www.homedepot.com/p/reviews/Samsung-7-5-cu-ft-120-Volt-White-Gas-Dryer-with-Sensor-Dry-Pedestals-Sold-Separately-DVG45T6000W/313846262/", "product_link": "https://www.homedepot.com/p/Samsung-7-5-cu-ft-120-Volt-White-Gas-Dryer-with-Sensor-Dry-Pedestals-Sold-Separately-DVG45T6000W/313846262", "average_rating": "4.6", "product_number": "313846262"}