{"score": 1, "title": "Don\u2019t Buy ANYTHING made by Samsung!", "body": "Samsung appliances are awful, and they do not stand behind their products.", "review_link": "https://www.homedepot.com/p/reviews/Samsung-27-in-4-5-cu-ft-High-Efficiency-White-Front-Load-Washing-Machine-with-Self-Clean-ENERGY-STAR-WF45T6000AW/313846213/", "product_link": "https://www.homedepot.com/p/Samsung-27-in-4-5-cu-ft-High-Efficiency-White-Front-Load-Washing-Machine-with-Self-Clean-ENERGY-STAR-WF45T6000AW/313846213", "average_rating": "4.5", "product_number": "313846213"}