{"score": 1, "title": "Insane shake", "body": "I received my washer yesterday and was so excited to use it today. I was not done with my first load when the washer start violently shaking while on spin cycle. The shake was so bad, the washer moved from it's location and almost unplugged itself. This could have caused some serious damage. This can not be normal.", "review_link": "https://www.homedepot.com/p/reviews/Samsung-27-in-4-5-cu-ft-High-Efficiency-White-Front-Load-Washing-Machine-with-Self-Clean-ENERGY-STAR-WF45T6000AW/313846213/", "product_link": "https://www.homedepot.com/p/Samsung-27-in-4-5-cu-ft-High-Efficiency-White-Front-Load-Washing-Machine-with-Self-Clean-ENERGY-STAR-WF45T6000AW/313846213", "average_rating": "4.5", "product_number": "313846213"}