{"score": 5, "title": "Excellent buy. Does exactly what I expected and the...", "body": "Excellent buy. Does exactly what I expected and the price was right. The lint filter has a poor design. It is hard to open and clean. You have to have a vacuum cleaner standing buy to make cleaning easier.", "review_link": "https://www.homedepot.com/p/reviews/Samsung-7-5-cu-ft-240-Volt-White-Electric-Dryer-with-Sensor-Dryer-Pedestals-Sold-Separately-DVE45T6000W/313846237/", "product_link": "https://www.homedepot.com/p/Samsung-7-5-cu-ft-240-Volt-White-Electric-Dryer-with-Sensor-Dryer-Pedestals-Sold-Separately-DVE45T6000W/313846237", "average_rating": "4.6", "product_number": "313846237"}