{"score": 4, "title": "Samsung sings a lot", "body": "This dryer is great. The only thing is sometimes the sensor thinks the clothes/towels are dry and turns off when they are still damp. Otherwise it can handle large loads and does a great job on most loads.", "review_link": "https://www.homedepot.com/p/reviews/Samsung-7-5-cu-ft-120-Volt-White-Gas-Dryer-with-Sensor-Dry-Pedestals-Sold-Separately-DVG45T6000W/313846262/", "product_link": "https://www.homedepot.com/p/Samsung-7-5-cu-ft-120-Volt-White-Gas-Dryer-with-Sensor-Dry-Pedestals-Sold-Separately-DVG45T6000W/313846262", "average_rating": "4.6", "product_number": "313846262"}