{"score": 5, "title": "Ask about the pedestal!!", "body": "The dryer is everything I wanted and works very well. My only complaint is that when I asked about a pedestal, I was told that it didn't have one, not that I could order one separately. Otherwise, I am pleased with my purchase.", "review_link": "https://www.homedepot.com/p/reviews/Samsung-7-5-cu-ft-240-Volt-White-Electric-Dryer-with-Sensor-Dryer-Pedestals-Sold-Separately-DVE45T6000W/313846237/", "product_link": "https://www.homedepot.com/p/Samsung-7-5-cu-ft-240-Volt-White-Electric-Dryer-with-Sensor-Dryer-Pedestals-Sold-Separately-DVE45T6000W/313846237", "average_rating": "4.6", "product_number": "313846237"}