{"score": 4, "title": "The microwave is easy to use and is easy to...", "body": "The microwave is easy to use and is easy to keep clean. Not many instructions come with it, but it seems pretty intuitive.", "review_link": "https://www.homedepot.com/p/reviews/ZLINE-Kitchen-and-Bath-24-1-6-cu-Fit-Built-in-Convection-Microwave-Oven-with-Speed-Cook-in-Stainless-Steel-with-Sensor-Cooking-MWO-24/313952445/", "product_link": "https://www.homedepot.com/p/ZLINE-Kitchen-and-Bath-24-1-6-cu-Fit-Built-in-Convection-Microwave-Oven-with-Speed-Cook-in-Stainless-Steel-with-Sensor-Cooking-MWO-24/313952445", "average_rating": "4.4", "product_number": "313952445"}