{"score": 4, "title": "Rating provided by a verified purchaser...", "body": "Rating provided by a verified purchaser", "review_link": "https://www.homedepot.com/p/reviews/ZLINE-Kitchen-and-Bath-24-1-6-cu-Fit-Built-in-Convection-Microwave-Oven-with-Speed-Cook-in-Stainless-Steel-with-Sensor-Cooking-MWO-24/313952445/", "product_link": "https://www.homedepot.com/p/ZLINE-Kitchen-and-Bath-24-1-6-cu-Fit-Built-in-Convection-Microwave-Oven-with-Speed-Cook-in-Stainless-Steel-with-Sensor-Cooking-MWO-24/313952445", "average_rating": "4.4", "product_number": "313952445"}