{"score": 1, "title": "There's no install specs for the MWO-30", "body": "There's no 30\" install specs, either standard or Flush install. Seriously?", "review_link": "https://www.homedepot.com/p/reviews/ZLINE-Kitchen-and-Bath-24-1-6-cu-Fit-Built-in-Convection-Microwave-Oven-with-Speed-Cook-in-Stainless-Steel-with-Sensor-Cooking-MWO-24/313952445/", "product_link": "https://www.homedepot.com/p/ZLINE-Kitchen-and-Bath-24-1-6-cu-Fit-Built-in-Convection-Microwave-Oven-with-Speed-Cook-in-Stainless-Steel-with-Sensor-Cooking-MWO-24/313952445", "average_rating": "4.4", "product_number": "313952445"}