{"score": 4, "title": "Great space", "body": "Love this Samsung refrigerator but I am disappointed in the ice maker. Makes ice too slow. Never have much ice. It has no where near filled up the ice holder with enough for a day for 3 people", "review_link": "https://www.homedepot.com/p/reviews/Samsung-28-2-cu-ft-French-Door-Refrigerator-in-Stainless-Steel-RF28T5001SR/314024432/", "product_link": "https://www.homedepot.com/p/Samsung-28-2-cu-ft-French-Door-Refrigerator-in-Stainless-Steel-RF28T5001SR/314024432", "average_rating": "4.4", "product_number": "314024432"}