{"score": 5, "title": "LG 33 in. 25 cu. ft. 3-door French door refrigerator", "body": "Nice refrigerator. Love the french doors and the door alarm sounding when the door is opened. Cleans easily. Very nice layout. Love it!!", "review_link": "https://www.homedepot.com/p/reviews/LG-Electronics-33-in-25-cu-ft-3-Door-French-Door-Refrigerator-in-PrintProof-Stainless-Steel-LRFCS25D3S/314145556/", "product_link": "https://www.homedepot.com/p/LG-Electronics-33-in-25-cu-ft-3-Door-French-Door-Refrigerator-in-PrintProof-Stainless-Steel-LRFCS25D3S/314145556", "average_rating": "4.6", "product_number": "314145556"}