{"score": 5, "title": "Perfect fit!", "body": "Wanted to upgrade from my side by side that was over 20 years old. Love the freezer on the bottom, so much easier and love the what seems like more space in the refrigerator!", "review_link": "https://www.homedepot.com/p/reviews/LG-Electronics-33-in-25-cu-ft-3-Door-French-Door-Refrigerator-in-PrintProof-Stainless-Steel-LRFCS25D3S/314145556/", "product_link": "https://www.homedepot.com/p/LG-Electronics-33-in-25-cu-ft-3-Door-French-Door-Refrigerator-in-PrintProof-Stainless-Steel-LRFCS25D3S/314145556", "average_rating": "4.6", "product_number": "314145556"}