{"score": 5, "title": "Every day convenience...", "body": "The purchase of this refrigerator has far exceeded my expectations. The convenience of having the refrigerator items on the upper levels on an average day cannot be emphasized enough. The freezer drawers are an unexpected bonus. Easy to find every item.", "review_link": "https://www.homedepot.com/p/reviews/LG-Electronics-33-in-25-cu-ft-3-Door-French-Door-Refrigerator-in-PrintProof-Stainless-Steel-LRFCS25D3S/314145556/", "product_link": "https://www.homedepot.com/p/LG-Electronics-33-in-25-cu-ft-3-Door-French-Door-Refrigerator-in-PrintProof-Stainless-Steel-LRFCS25D3S/314145556", "average_rating": "4.6", "product_number": "314145556"}