{"score": 5, "title": "Wonderful and greatly enjoyed", "body": "We purchased this box to replace a side by side refrig. Our old box was very difficult to find anything in the freezer part. I was a little concerned to purchase an LG as I had no experience with LG appliances. It has been a great gift to us. It works great, no issues and the freezer is large and easy to find whatever we want. The refrigerator upper offers great and ample space for what we require. I could not be happier.", "review_link": "https://www.homedepot.com/p/reviews/LG-Electronics-33-in-25-cu-ft-3-Door-French-Door-Refrigerator-in-PrintProof-Stainless-Steel-LRFCS25D3S/314145556/", "product_link": "https://www.homedepot.com/p/LG-Electronics-33-in-25-cu-ft-3-Door-French-Door-Refrigerator-in-PrintProof-Stainless-Steel-LRFCS25D3S/314145556", "average_rating": "4.6", "product_number": "314145556"}