{"score": 5, "title": "Great Refigerator", "body": "I purchased this in July 2021 and I love it. It's room inside and has been working great. The only downside is that the ice maker is very noisy but it's only for a little bit. Aside from that it's great.", "review_link": "https://www.homedepot.com/p/reviews/LG-Electronics-33-in-25-cu-ft-3-Door-French-Door-Refrigerator-in-PrintProof-Stainless-Steel-LRFCS25D3S/314145556/", "product_link": "https://www.homedepot.com/p/LG-Electronics-33-in-25-cu-ft-3-Door-French-Door-Refrigerator-in-PrintProof-Stainless-Steel-LRFCS25D3S/314145556", "average_rating": "4.6", "product_number": "314145556"}