{"score": 5, "title": "Works great", "body": "Had for over a month all seems fine great features! Our last Maytag washer was over 50 years old! A lot has changed!!! For the good!!!", "review_link": "https://www.homedepot.com/p/reviews/Maytag-28-in-4-8-cu-ft-White-Top-Load-Washing-Machine-with-Deep-Fill-MVW6200KW/314369183/", "product_link": "https://www.homedepot.com/p/Maytag-28-in-4-8-cu-ft-White-Top-Load-Washing-Machine-with-Deep-Fill-MVW6200KW/314369183", "average_rating": "4.4", "product_number": "314369183"}