{"score": 5, "title": "Best clothes dryer I\u2019ve ever owned! It drys clothes...", "body": "Best clothes dryer I\u2019ve ever owned! It drys clothes quickly and efficiently. The dryer has plenty of options for drying from damp to sanitize! So glad we bought it.", "review_link": "https://www.homedepot.com/p/reviews/Samsung-Large-7-4-cu-ft-Capacity-Brushed-Black-Electric-Dryer-with-Sensor-Dry-DVE45T3400V/314328444/", "product_link": "https://www.homedepot.com/p/Samsung-Large-7-4-cu-ft-Capacity-Brushed-Black-Electric-Dryer-with-Sensor-Dry-DVE45T3400V/314328444", "average_rating": "4.5", "product_number": "314328444"}