{"score": 5, "title": "So far, so great. We've had our set for about...", "body": "So far, so great. We've had our set for about a month now and I'm still loving them! Quiet, efficient, and affordable.", "review_link": "https://www.homedepot.com/p/reviews/Samsung-Large-7-4-cu-ft-Capacity-Brushed-Black-Electric-Dryer-with-Sensor-Dry-DVE45T3400V/314328444/", "product_link": "https://www.homedepot.com/p/Samsung-Large-7-4-cu-ft-Capacity-Brushed-Black-Electric-Dryer-with-Sensor-Dry-DVE45T3400V/314328444", "average_rating": "4.5", "product_number": "314328444"}