{"score": 5, "title": "Best washer I\u2019ve ever had.", "body": "I was not sure about a washer without an agitator. I didn\u2019t think it would get the clothes as clean but I am pleasantly surprised.", "review_link": "https://www.homedepot.com/p/reviews/Maytag-28-in-4-8-cu-ft-White-Top-Load-Washing-Machine-with-Deep-Fill-MVW6200KW/314369183/", "product_link": "https://www.homedepot.com/p/Maytag-28-in-4-8-cu-ft-White-Top-Load-Washing-Machine-with-Deep-Fill-MVW6200KW/314369183", "average_rating": "4.4", "product_number": "314369183"}