{"score": 5, "title": "We've had this dryer for about 3 weeks and it's...", "body": "We've had this dryer for about 3 weeks and it's worked great so far. Installation went smoothly, and no issues so far. We love the color and the user friendly programming.", "review_link": "https://www.homedepot.com/p/reviews/Samsung-Large-7-4-cu-ft-Capacity-Brushed-Black-Electric-Dryer-with-Sensor-Dry-DVE45T3400V/314328444/", "product_link": "https://www.homedepot.com/p/Samsung-Large-7-4-cu-ft-Capacity-Brushed-Black-Electric-Dryer-with-Sensor-Dry-DVE45T3400V/314328444", "average_rating": "4.5", "product_number": "314328444"}