{"score": 5, "title": "So far so good!", "body": "We have had the washer about a month and it seems to be working well with mo issues or serious complaints. Only improvement I would like to see is a finish alarm when the load is completed.", "review_link": "https://www.homedepot.com/p/reviews/Maytag-28-in-4-8-cu-ft-White-Top-Load-Washing-Machine-with-Deep-Fill-MVW6200KW/314369183/", "product_link": "https://www.homedepot.com/p/Maytag-28-in-4-8-cu-ft-White-Top-Load-Washing-Machine-with-Deep-Fill-MVW6200KW/314369183", "average_rating": "4.4", "product_number": "314369183"}