{"score": 5, "title": "glad for another Maytag", "body": "This washing machine is a God sent.We were so happy that we bought another Maytag washer, as our old one of 20 years finally decided to go. We didn't think that we would get the machine in just 2 day delivery, boy were we Happy. We are seniors and dreaded to go to the laundromat. This Maytag gives us great service, as it does clean our clothes with no problem. The machine is easy to load, easy to put the soap and softener in, has a separate bleach holder, and uses less water then any other machine.also it is quiet, it was well worth the money we spent.We are happy that we got another Maytag and know that it will last a long time. Thank you very much", "review_link": "https://www.homedepot.com/p/reviews/Maytag-28-in-4-8-cu-ft-White-Top-Load-Washing-Machine-with-Deep-Fill-MVW6200KW/314369183/", "product_link": "https://www.homedepot.com/p/Maytag-28-in-4-8-cu-ft-White-Top-Load-Washing-Machine-with-Deep-Fill-MVW6200KW/314369183", "average_rating": "4.4", "product_number": "314369183"}