{"score": 5, "title": "Absolutely in love with this fridge!", "body": "So much room compared to our last fridge! Even though it looks slim from the front the fridge goes back pretty far. Would def buy again, in the pic below the door is missing a basket but customer service helped and shipped out another one no questions asked. Very helpful and pleasant! Also, an added plus is the fact that it\u2019s easy to wipe down. Usually stainless steel shows smudges and when you use a wipe or sponge to clean you can see spots\u2026not with this fridge! LOVE it!!!!", "review_link": "https://www.homedepot.com/p/reviews/Frigidaire-25-6-Cu-Ft-36-in-Standard-Depth-Side-by-Side-Refrigerator-in-Stainless-Steel-FRSS2623AS/314635724/", "product_link": "https://www.homedepot.com/p/Frigidaire-25-6-Cu-Ft-36-in-Standard-Depth-Side-by-Side-Refrigerator-in-Stainless-Steel-FRSS2623AS/314635724", "average_rating": "4.3", "product_number": "314635724"}