{"score": 5, "title": "Big and spacious", "body": "Very nice fridge. It is a large fridge at a low price with very nice quality. It has lots of space in the fridge and freezer. We are very happy with our purchase", "review_link": "https://www.homedepot.com/p/reviews/Frigidaire-25-6-Cu-Ft-36-in-Standard-Depth-Side-by-Side-Refrigerator-in-Stainless-Steel-FRSS2623AS/314635724/", "product_link": "https://www.homedepot.com/p/Frigidaire-25-6-Cu-Ft-36-in-Standard-Depth-Side-by-Side-Refrigerator-in-Stainless-Steel-FRSS2623AS/314635724", "average_rating": "4.3", "product_number": "314635724"}