{"score": 5, "title": "Love my two towers!", "body": "We got our towers about 8 months ago and we love them! So efficient and very quite.", "review_link": "https://www.homedepot.com/p/reviews/LG-Electronics-27-in-Black-Steel-WashTower-Laundry-Center-with-4-5-cu-ft-Front-Load-Washer-and-7-4-cu-ft-Electric-Dryer-WKEX200HBA/314744262/", "product_link": "https://www.homedepot.com/p/LG-Electronics-27-in-Black-Steel-WashTower-Laundry-Center-with-4-5-cu-ft-Front-Load-Washer-and-7-4-cu-ft-Electric-Dryer-WKEX200HBA/314744262", "average_rating": "4.6", "product_number": "314744262"}