{"score": 4, "title": "Great Machine with a Learning Curve", "body": "Love the large capacity, but the process of using downloaded and cloud cycles is difficult and confusing. It's also very irritating that it will not allow changes to cycles. For example, you can't select \"very dry\" on the delicate dry cycle. Not recommended if you don't have a smart phone.", "review_link": "https://www.homedepot.com/p/reviews/LG-Electronics-27-in-Black-Steel-WashTower-Laundry-Center-with-4-5-cu-ft-Front-Load-Washer-and-7-4-cu-ft-Electric-Dryer-WKEX200HBA/314744262/", "product_link": "https://www.homedepot.com/p/LG-Electronics-27-in-Black-Steel-WashTower-Laundry-Center-with-4-5-cu-ft-Front-Load-Washer-and-7-4-cu-ft-Electric-Dryer-WKEX200HBA/314744262", "average_rating": "4.6", "product_number": "314744262"}