{"score": 5, "title": "So far this washer dryer combo is all that it...", "body": "So far this washer dryer combo is all that it was advertised to be. It is quiet and fast in washing and drying.", "review_link": "https://www.homedepot.com/p/reviews/LG-Electronics-27-in-Black-Steel-WashTower-Laundry-Center-with-4-5-cu-ft-Front-Load-Washer-and-7-4-cu-ft-Electric-Dryer-WKEX200HBA/314744262/", "product_link": "https://www.homedepot.com/p/LG-Electronics-27-in-Black-Steel-WashTower-Laundry-Center-with-4-5-cu-ft-Front-Load-Washer-and-7-4-cu-ft-Electric-Dryer-WKEX200HBA/314744262", "average_rating": "4.6", "product_number": "314744262"}