{"score": 4, "title": "Just the right size", "body": "I really love my new refrigerator, it\u2019s sleek and looks great in my tiny kitchen. Only problem is the meat/fruit bottom drawer freezes anything that has extra moisture like bagged salads, bagged carrots etc\u2026. I\u2019m trying to play with temperature, but it still gets too cold. I can work around that issue because it is really nice.", "review_link": "https://www.homedepot.com/p/reviews/GE-11-9-cu-ft-Built-In-Bottom-Freezer-Refrigerator-in-Stainless-Steel-Counter-Depth-GLE12HSPSS/314849213/", "product_link": "https://www.homedepot.com/p/GE-11-9-cu-ft-Built-In-Bottom-Freezer-Refrigerator-in-Stainless-Steel-Counter-Depth-GLE12HSPSS/314849213", "average_rating": "4.7", "product_number": "314849213"}