{"score": 4, "title": "Nifty features but not all useable", "body": "Space saving, energy efficient, quiet, light, plenty of freezer space (2 drawers). Fridge requires some Tetris-style packing of larger items such as anything that comes in a gallon jug; (if you\u2019re a regular milk drinker, your foldaway shelf probably will always stay folded.) Similarly, bottle racks, if used, would eliminate a lot of valuable shelf space. We are using this as our regular fridge, unlike some reviewers who use it on the second floor or in a guest room. It\u2019s more energy efficient to pack the food closely together, so I don\u2019t mind.", "review_link": "https://www.homedepot.com/p/reviews/GE-11-9-cu-ft-Built-In-Bottom-Freezer-Refrigerator-in-Stainless-Steel-Counter-Depth-GLE12HSPSS/314849213/", "product_link": "https://www.homedepot.com/p/GE-11-9-cu-ft-Built-In-Bottom-Freezer-Refrigerator-in-Stainless-Steel-Counter-Depth-GLE12HSPSS/314849213", "average_rating": "4.7", "product_number": "314849213"}