{"score": 4, "title": "Love how quiet the machine is", "body": "Cold and quiet is good, cold and quiet is good, cold and quiet is good", "review_link": "https://www.homedepot.com/p/reviews/GE-11-9-cu-ft-Built-In-Bottom-Freezer-Refrigerator-in-Stainless-Steel-Counter-Depth-GLE12HSPSS/314849213/", "product_link": "https://www.homedepot.com/p/GE-11-9-cu-ft-Built-In-Bottom-Freezer-Refrigerator-in-Stainless-Steel-Counter-Depth-GLE12HSPSS/314849213", "average_rating": "4.7", "product_number": "314849213"}