{"score": 5, "title": "Super Sleek and modern", "body": "We love our new GE fridge!! It\u2019s beautiful modern sleek look fits nicely with our home.", "review_link": "https://www.homedepot.com/p/reviews/GE-11-9-cu-ft-Built-In-Bottom-Freezer-Refrigerator-in-Stainless-Steel-Counter-Depth-GLE12HSPSS/314849213/", "product_link": "https://www.homedepot.com/p/GE-11-9-cu-ft-Built-In-Bottom-Freezer-Refrigerator-in-Stainless-Steel-Counter-Depth-GLE12HSPSS/314849213", "average_rating": "4.7", "product_number": "314849213"}