{"score": 3, "title": "Great fridge ....one problem", "body": "i'm very happy with the fridge except for one thing. i found it impossible to completely remove the plastic door protection film. each side begins and ends under the door gasket and is stuck there. it does not look good.", "review_link": "https://www.homedepot.com/p/reviews/Samsung-28-cu-ft-Smart-Side-by-Side-Refrigerator-in-Fingerprint-Resistant-Stainless-Steel-RS28A500ASR/315423162/", "product_link": "https://www.homedepot.com/p/Samsung-28-cu-ft-Smart-Side-by-Side-Refrigerator-in-Fingerprint-Resistant-Stainless-Steel-RS28A500ASR/315423162", "average_rating": "4.7", "product_number": "315423162"}