{"score": 1, "title": "DO NOT BUY! FREEZER TOO COLD", "body": "When this makes ice, the freezer drops to -13 for 2 days. This is too cold for ice cream and it freezes fruit in the fridge. Samsung says this is how they designed unit to work. Samsung says to return it to HD, and HD says to return it to Samsung.", "review_link": "https://www.homedepot.com/p/reviews/Samsung-28-cu-ft-Smart-Side-by-Side-Refrigerator-in-Fingerprint-Resistant-Stainless-Steel-RS28A500ASR/315423162/", "product_link": "https://www.homedepot.com/p/Samsung-28-cu-ft-Smart-Side-by-Side-Refrigerator-in-Fingerprint-Resistant-Stainless-Steel-RS28A500ASR/315423162", "average_rating": "4.7", "product_number": "315423162"}