{"score": 5, "title": "sleek and Functional", "body": "The Samsung Smart Counter Depth Side-by-Side Refrigerator in Black Stainless Steel is a functional, spacious addition to our kitchen. It matches our new modern house design and appliances. The inside control panel, manual and Samsung app are pretty easy to use. There is plenty of space for all our groceries, snack, and drinks. It looks fantastic with our stainless steel appliances. We have a water system so we just wanted a simple but sleeker design for our refrigerator, and this refrigerator is perfect. Delivery and installation service was quick and painless.", "review_link": "https://www.homedepot.com/p/reviews/Samsung-28-cu-ft-Smart-Side-by-Side-Refrigerator-in-Fingerprint-Resistant-Stainless-Steel-RS28A500ASR/315423162/", "product_link": "https://www.homedepot.com/p/Samsung-28-cu-ft-Smart-Side-by-Side-Refrigerator-in-Fingerprint-Resistant-Stainless-Steel-RS28A500ASR/315423162", "average_rating": "4.7", "product_number": "315423162"}