{"score": 4, "title": "Perfect size for our family.", "body": "I desperately needed a new refrigerator. I looked at a lot with bottom freezers, but I realized they just didn\u2019t hold enough for my family. This side by side is perfect. Plenty of room and it\u2019s countertop depth. We did manage to scratch it already with a magnet. I\u2019m kind of upset by that. It\u2019s the only fault with it -that it scratched so easily. It\u2019s not even a month old.", "review_link": "https://www.homedepot.com/p/reviews/Samsung-28-cu-ft-Smart-Side-by-Side-Refrigerator-in-Fingerprint-Resistant-Stainless-Steel-RS28A500ASR/315423162/", "product_link": "https://www.homedepot.com/p/Samsung-28-cu-ft-Smart-Side-by-Side-Refrigerator-in-Fingerprint-Resistant-Stainless-Steel-RS28A500ASR/315423162", "average_rating": "4.7", "product_number": "315423162"}