{"score": 5, "title": "Upgraded from Whirlpool to this Samsung. Have noticed a major...", "body": "Upgraded from Whirlpool to this Samsung. Have noticed a major difference in how my food cooks. Food cooks quick and perfect. No issues with anything. Oven works well also. Love the self clean mode and rapid boil setting as well. This was a great purchase and I am very pleased with it. Looks nice to in my kitchen!", "review_link": "https://www.homedepot.com/p/reviews/Samsung-6-3-cu-ft-Smart-Freestanding-Electric-Range-with-Rapid-Boil-and-Self-Clean-in-Stainless-Steel-NE63A6311SS/315616391/", "product_link": "https://www.homedepot.com/p/Samsung-6-3-cu-ft-Smart-Freestanding-Electric-Range-with-Rapid-Boil-and-Self-Clean-in-Stainless-Steel-NE63A6311SS/315616391", "average_rating": "4.7", "product_number": "315616391"}