{"score": 4, "title": "Love my new Samsung Range! .......but", "body": "Love my new range with the exception that there is a faulty wire inside the cooktop (indicator light for hot oven top) that goes on and off even when the cooktop is not hot. They are sending in a repair person.", "review_link": "https://www.homedepot.com/p/reviews/Samsung-6-3-cu-ft-Smart-Freestanding-Electric-Range-with-Rapid-Boil-and-Self-Clean-in-Stainless-Steel-NE63A6311SS/315616391/", "product_link": "https://www.homedepot.com/p/Samsung-6-3-cu-ft-Smart-Freestanding-Electric-Range-with-Rapid-Boil-and-Self-Clean-in-Stainless-Steel-NE63A6311SS/315616391", "average_rating": "4.7", "product_number": "315616391"}