{"score": 1, "title": "EOC Failure", "body": "Crapped out during making dinner 5-6 months in. Electronic failure of some sort. Shame, very nice otherwise but now I\u2019m high and dry until they can repair or replace!", "review_link": "https://www.homedepot.com/p/reviews/Samsung-6-3-cu-ft-Smart-Wi-Fi-Enabled-Convection-Electric-Range-with-No-Preheat-AirFry-in-Stainless-Steel-NE63A6511SS/315616497/", "product_link": "https://www.homedepot.com/p/Samsung-6-3-cu-ft-Smart-Wi-Fi-Enabled-Convection-Electric-Range-with-No-Preheat-AirFry-in-Stainless-Steel-NE63A6511SS/315616497", "average_rating": "4.6", "product_number": "315616497"}