{"score": 5, "title": "Love the air fryer feature", "body": "We have had it for about a month and a half works like a charm! Very convenient, and easy to use!", "review_link": "https://www.homedepot.com/p/reviews/Samsung-6-3-cu-ft-Smart-Wi-Fi-Enabled-Convection-Electric-Range-with-No-Preheat-AirFry-in-Stainless-Steel-NE63A6511SS/315616497/", "product_link": "https://www.homedepot.com/p/Samsung-6-3-cu-ft-Smart-Wi-Fi-Enabled-Convection-Electric-Range-with-No-Preheat-AirFry-in-Stainless-Steel-NE63A6511SS/315616497", "average_rating": "4.6", "product_number": "315616497"}