{"score": 5, "title": "Beautiful stove!", "body": "This is a beautiful and sleek range. I love how efficient it is, with the steam clean. The stove top looks very chic when it is on, and it responds like a dream. Everythingabout this range feels clean and modern. The dials have a smooth operation, the digital display is appealing, and it has a huge crystal clear window to view what is in the oven. Love, love, love!", "review_link": "https://www.homedepot.com/p/reviews/Samsung-6-3-cu-ft-Smart-Freestanding-Electric-Range-with-Rapid-Boil-and-Self-Clean-in-Stainless-Steel-NE63A6311SS/315616391/", "product_link": "https://www.homedepot.com/p/Samsung-6-3-cu-ft-Smart-Freestanding-Electric-Range-with-Rapid-Boil-and-Self-Clean-in-Stainless-Steel-NE63A6311SS/315616391", "average_rating": "4.7", "product_number": "315616391"}