{"score": 5, "title": "Rating provided by a verified purchaser...", "body": "Rating provided by a verified purchaser", "review_link": "https://www.homedepot.com/p/reviews/Samsung-6-3-cu-ft-Smart-Freestanding-Electric-Range-with-Rapid-Boil-and-Self-Clean-in-Stainless-Steel-NE63A6311SS/315616391/", "product_link": "https://www.homedepot.com/p/Samsung-6-3-cu-ft-Smart-Freestanding-Electric-Range-with-Rapid-Boil-and-Self-Clean-in-Stainless-Steel-NE63A6311SS/315616391", "average_rating": "4.7", "product_number": "315616391"}