{"score": 5, "title": "I love this stove", "body": "I am happy with this stove and recommend to anyone", "review_link": "https://www.homedepot.com/p/reviews/Samsung-6-3-cu-ft-Smart-Wi-Fi-Enabled-Convection-Electric-Range-with-No-Preheat-AirFry-in-Stainless-Steel-NE63A6511SS/315616497/", "product_link": "https://www.homedepot.com/p/Samsung-6-3-cu-ft-Smart-Wi-Fi-Enabled-Convection-Electric-Range-with-No-Preheat-AirFry-in-Stainless-Steel-NE63A6511SS/315616497", "average_rating": "4.6", "product_number": "315616497"}