{"score": 5, "title": "Vissani Refrigerator", "body": "I bought the 18.7 refrigerator for my garage and I am extremely pleased. It\u2019s very quiet and functions very well. So far so good", "review_link": "https://www.homedepot.com/p/reviews/Vissani-18-7-cu-ft-Bottom-Freezer-Refrigerator-in-Stainless-Steel-MDBF18SS/316674409/", "product_link": "https://www.homedepot.com/p/Vissani-18-7-cu-ft-Bottom-Freezer-Refrigerator-in-Stainless-Steel-MDBF18SS/316674409", "average_rating": "4.7", "product_number": "316674409"}