{"score": 5, "title": "Great looking microwave", "body": "Panasonic 1.6 cu. ft. Countertop Microwave in Stainless Steel Built-In Capable with Inverter Technology and Genius Sensor Cooking, Silver - Very attractive addition to my kitchen. Microwave has the latest technologies built in. Very easy set up and excellent instruction manual. I probably will not use all of the features but this oven has plenty. It is a large item and will take up a bit of counterspace so plan wisely.", "review_link": "https://www.homedepot.com/p/reviews/Panasonic-1-6-cu-ft-Countertop-Microwave-in-Stainless-Steel-Built-In-Capable-with-Inverter-Technology-and-Genius-Sensor-Cooking-NN-SC73LS/317341309/", "product_link": "https://www.homedepot.com/p/Panasonic-1-6-cu-ft-Countertop-Microwave-in-Stainless-Steel-Built-In-Capable-with-Inverter-Technology-and-Genius-Sensor-Cooking-NN-SC73LS/317341309", "average_rating": "4.3", "product_number": "317341309"}