{"score": 5, "title": "We love it and the notion of fingerprints on the...", "body": "We love it and the notion of fingerprints on the stainless steel is overrated.", "review_link": "https://www.homedepot.com/p/reviews/Panasonic-1-6-cu-ft-Countertop-Microwave-in-Stainless-Steel-Built-In-Capable-with-Inverter-Technology-and-Genius-Sensor-Cooking-NN-SC73LS/317341309/", "product_link": "https://www.homedepot.com/p/Panasonic-1-6-cu-ft-Countertop-Microwave-in-Stainless-Steel-Built-In-Capable-with-Inverter-Technology-and-Genius-Sensor-Cooking-NN-SC73LS/317341309", "average_rating": "4.3", "product_number": "317341309"}