{"score": 5, "title": "Love my LG, Life's Good. exactly as it's name...", "body": "Love my LG, Life's Good. exactly as it's name states. Great features and print proof that's all I need. Thank you LG .Happy face", "review_link": "https://www.homedepot.com/p/reviews/LG-Electronics-27-cu-ft-Side-by-Side-Refrigerator-with-InstaView-and-Dual-Ice-Maker-with-Craft-Ice-in-PrintProof-Stainless-Steel-LRSOS2706S/317445728/", "product_link": "https://www.homedepot.com/p/LG-Electronics-27-cu-ft-Side-by-Side-Refrigerator-with-InstaView-and-Dual-Ice-Maker-with-Craft-Ice-in-PrintProof-Stainless-Steel-LRSOS2706S/317445728", "average_rating": "4.6", "product_number": "317445728"}