{"score": 5, "title": "Good Quality and features for the price", "body": "It looks great in the kitchen. Fridge has good amount of room and doors hold a lot of stuff that would end up occupying shelf place otherwise. Very impressed with the craft ice and overall freezer functioning. Have owned it only for a month so I am hoping it has a long life and it's performance remains the same. Nothing to complain about until now.", "review_link": "https://www.homedepot.com/p/reviews/LG-Electronics-27-cu-ft-Side-by-Side-Refrigerator-with-InstaView-and-Dual-Ice-Maker-with-Craft-Ice-in-PrintProof-Stainless-Steel-LRSOS2706S/317445728/", "product_link": "https://www.homedepot.com/p/LG-Electronics-27-cu-ft-Side-by-Side-Refrigerator-with-InstaView-and-Dual-Ice-Maker-with-Craft-Ice-in-PrintProof-Stainless-Steel-LRSOS2706S/317445728", "average_rating": "4.6", "product_number": "317445728"}