{"score": 5, "title": "Steam Sanitize is the best feature.", "body": "I bought the dryer and washer set and they look great. The steam sanitize is the best feature mostly now with covid being so rampant. Is so quiet and quick. The size is amazing to fit large comforters.", "review_link": "https://www.homedepot.com/p/reviews/Samsung-7-4-cu-ft-Smart-Champagne-Electric-Dryer-with-Steam-Sanitize-DVE52A5500C/317651467/", "product_link": "https://www.homedepot.com/p/Samsung-7-4-cu-ft-Smart-Champagne-Electric-Dryer-with-Steam-Sanitize-DVE52A5500C/317651467", "average_rating": "4.6", "product_number": "317651467"}