{"score": 5, "title": "Great features", "body": "We purchased this about 3 weeks ago. So far it hasn\u2019t disappointed at all. I love all the different features and settings that are available. I have it connected through \u201csmart things\u201d and it\u2019s great to be able to control it via wifi. The chimes are very appeasing and not that obnoxious buzz like older dryers have. The great thing is there is plenty of room to do king size bedding! Pick up the matching washer and you def won\u2019t be disappointed. Grab the matching washer and you will love both.", "review_link": "https://www.homedepot.com/p/reviews/Samsung-7-4-cu-ft-Smart-Champagne-Electric-Dryer-with-Steam-Sanitize-DVE52A5500C/317651467/", "product_link": "https://www.homedepot.com/p/Samsung-7-4-cu-ft-Smart-Champagne-Electric-Dryer-with-Steam-Sanitize-DVE52A5500C/317651467", "average_rating": "4.6", "product_number": "317651467"}