{"score": 5, "title": "Great Dryer", "body": "We bought this dryer a little over 3wks ago. Took a little bit for delivery but it was well worth it. Many features and it pairs well with the washer. Very large capacity! We have no trouble fitting king size bedding at all. All in all its been a great purchase so far. If your on the fence do not worry about getting this dryer.", "review_link": "https://www.homedepot.com/p/reviews/Samsung-7-4-cu-ft-Smart-Champagne-Gas-Dryer-with-Steam-Sanitize-DVG52A5500C/317651472/", "product_link": "https://www.homedepot.com/p/Samsung-7-4-cu-ft-Smart-Champagne-Gas-Dryer-with-Steam-Sanitize-DVG52A5500C/317651472", "average_rating": "4.9", "product_number": "317651472"}