{"score": 5, "title": "Awesome Washer!!", "body": "best washer!!! a+++ definitely best around. i plan got gwtting the dryer next year!", "review_link": "https://www.homedepot.com/p/reviews/Samsung-5-2-cu-ft-Large-Capacity-Smart-Top-Load-Washer-with-Super-Speed-Wash-in-Brushed-Black-WA52A5500AV/317651312/", "product_link": "https://www.homedepot.com/p/Samsung-5-2-cu-ft-Large-Capacity-Smart-Top-Load-Washer-with-Super-Speed-Wash-in-Brushed-Black-WA52A5500AV/317651312", "average_rating": "4.6", "product_number": "317651312"}