{"score": 5, "title": "Compact yet so much room!", "body": "I love this dryer! It fits so much inside, yet measurement wise it\u2019s smaller than our old dryer. It is very efficient also and dries everything very quickly. It\u2019s quiet and easy to use. One thing I don\u2019t like is the placement of the house. Our set is not side by side so we haven\u2019t been able to install the hose for the sanitizing/wrinkle feature. I would suggest only getting this model for those features if your washer and dryer and directly side by side.", "review_link": "https://www.homedepot.com/p/reviews/Samsung-7-4-cu-ft-Smart-Champagne-Gas-Dryer-with-Steam-Sanitize-DVG52A5500C/317651472/", "product_link": "https://www.homedepot.com/p/Samsung-7-4-cu-ft-Smart-Champagne-Gas-Dryer-with-Steam-Sanitize-DVG52A5500C/317651472", "average_rating": "4.9", "product_number": "317651472"}