{"score": 5, "title": "Excellent technology", "body": "I bought the dryer three months ago. All the settings are great, I really like the wrinkles free settings. I set up the app to get the notifications of the dryer cycle.", "review_link": "https://www.homedepot.com/p/reviews/Samsung-7-4-cu-ft-Smart-Champagne-Gas-Dryer-with-Steam-Sanitize-DVG52A5500C/317651472/", "product_link": "https://www.homedepot.com/p/Samsung-7-4-cu-ft-Smart-Champagne-Gas-Dryer-with-Steam-Sanitize-DVG52A5500C/317651472", "average_rating": "4.9", "product_number": "317651472"}